Fiscal.Period,Amount,Close.Date,Codigo.AlumnUSB
Q1-2016,10,1/15/2016,A21888
Q3-2018,20,8/5/2018,A37101
Q3-2018,20,8/5/2018,A25658
Q1-2016,6,1/15/2016,A31266
Q1-2016,6,1/15/2016,A1540
Q2-2017,10,4/22/2017,A19198
Q2-2018,25,6/18/2018,A9772
Q4-2017,100,11/13/2017,A13534
Q4-2017,100,11/13/2017,A19158
Q2-2017,10,5/3/2017,A6720
Q4-2017,20,11/7/2017,A29546
Q3-2018,50,8/20/2018,A28206
Q3-2018,100,8/5/2018,A21997
Q3-2018,100,8/5/2018,A8437
Q3-2018,100,8/5/2018,A22811
Q3-2018,100,8/5/2018,A13440
Q4-2016,10,11/15/2016,A3228
Q3-2018,50,7/25/2018,A26769
Q3-2018,50,7/25/2018,A37693
Q3-2018,50,9/30/2018,A26769
Q3-2018,50,9/30/2018,A37693
Q2-2018,9,4/17/2018,A39080
Q3-2018,20,8/23/2018,A9070
Q3-2018,20,8/23/2018,A9070
Q2-2018,30,5/27/2018,A33155
Q4-2017,30,11/7/2017,A33155
Q3-2018,40,8/11/2018,A33155
Q3-2017,30,7/23/2017,A33155
Q3-2016,26.34,7/15/2016,A27906
Q2-2016,5,5/15/2016,A32294
Q3-2017,10,7/9/2017,A32294
Q3-2018,50,9/11/2018,A30932
Q2-2016,15,5/15/2016,A30932
Q2-2016,10,6/15/2016,A30932
Q4-2018,20,10/31/2018,A30932
Q1-2016,30,3/15/2016,A30932
Q3-2017,16,8/3/2017,A30932
Q1-2016,10,1/15/2016,A30932
Q4-2016,7.5,10/15/2016,A30932
Q1-2019,8.75,2/28/2019,A30932
Q4-2016,7.5,10/15/2016,A31071
Q3-2017,16,8/3/2017,A31071
Q1-2016,5,2/15/2016,A33276
Q1-2016,5,2/15/2016,A37359
Q2-2016,5,4/15/2016,A33276
Q2-2016,5,4/15/2016,A37359
Q1-2016,5,1/15/2016,A33276
Q1-2016,5,1/15/2016,A37359
Q1-2016,10,1/15/2016,A33966
Q1-2016,5,1/15/2016,A30476
Q3-2018,100,7/25/2018,A14557
Q4-2018,22.59,11/29/2018,A26443
Q1-2016,5,1/15/2016,A29269
Q1-2017,7.45,1/23/2017,A1159
Q1-2017,7.45,1/23/2017,A1330
Q1-2016,20,1/15/2016,A22689
Q4-2018,146.82,11/29/2018,A33244
Q4-2017,41.77,11/28/2017,A28931
Q3-2018,20,7/25/2018,A18504
Q3-2016,22.5,7/15/2016,A31380
Q2-2016,10,5/15/2016,A31380
Q4-2018,22.39,11/29/2018,A3688
Q1-2016,20,2/15/2016,A10758
Q1-2016,20,2/15/2016,A2055
Q4-2018,250,11/19/2018,A10758
Q4-2018,250,11/19/2018,A2055
Q3-2018,250,8/8/2018,A10758
Q3-2018,250,8/8/2018,A2055
Q4-2016,139.18,12/15/2016,A1717
Q2-2016,25,6/15/2016,A32965
Q2-2016,25,6/15/2016,A34655
Q3-2018,10,8/5/2018,A11663
Q3-2018,10,8/5/2018,A2850
Q1-2016,40,1/15/2016,A25384
Q4-2016,20,11/15/2016,A34569
Q2-2017,35,6/3/2017,A34569
Q1-2016,5,2/15/2016,A34569
Q2-2017,34,6/3/2017,A34569
Q4-2017,39.73,11/28/2017,A34569
Q1-2016,3,1/15/2016,A28659
Q1-2018,35,3/29/2018,A14683
Q1-2018,35,3/29/2018,A7365
Q1-2018,35,3/29/2018,A33408
Q1-2018,35,3/29/2018,A7741
Q1-2018,35,3/29/2018,A11104
Q1-2018,35,3/29/2018,A12051
Q2-2017,30.95,5/5/2017,A27087
Q2-2017,30.95,5/5/2017,A37211
Q3-2017,19.3,8/22/2017,A27087
Q3-2017,19.3,8/22/2017,A37211
Q4-2017,100,11/22/2017,A24276
Q1-2018,100,2/12/2018,A3890
Q2-2016,50,6/15/2016,A31941
Q2-2018,58.08,6/21/2018,A31941
Q4-2018,169.84,11/26/2018,A31941
Q4-2016,27.77,11/15/2016,A31941
Q4-2016,83.75,10/15/2016,A31941
Q1-2016,6,1/26/2016,A22529
Q3-2018,10,7/25/2018,A38939
Q1-2018,19,2/25/2018,A31965
Q4-2017,50,11/24/2017,A26936
Q3-2018,20,8/24/2018,A25777
Q2-2018,105,5/24/2018,A6888
Q2-2018,105,5/24/2018,A770
Q4-2018,50,11/22/2018,A39553
Q4-2018,50,11/20/2018,A33337
Q2-2018,50,6/12/2018,A8599
Q2-2018,50,6/12/2018,A3724
Q2-2016,8.69,5/15/2016,A30645
Q1-2016,20,1/15/2016,A30645
Q4-2018,50,12/1/2018,A9858
Q2-2016,20,6/15/2016,A26174
Q2-2016,20,6/15/2016,A28225
Q2-2018,50,6/11/2018,A17535
Q4-2018,882.5,12/21/2018,A17535
Q3-2018,50,7/24/2018,A17535
Q2-2017,50,4/5/2017,A26277
Q3-2017,5,7/24/2017,A26767
Q2-2018,5,5/24/2018,A26767
Q4-2016,15,11/15/2016,A26767
Q4-2018,5,10/24/2018,A26767
Q2-2017,5,5/24/2017,A26767
Q1-2019,5,1/24/2019,A26767
Q2-2018,5,6/24/2018,A26767
Q1-2017,5,3/24/2017,A26767
Q2-2016,5,5/15/2016,A26767
Q3-2018,5,8/24/2018,A26767
Q4-2017,5,12/24/2017,A26767
Q1-2018,5,3/24/2018,A26767
Q3-2017,5,9/24/2017,A26767
Q2-2016,5,4/15/2016,A26767
Q4-2016,5,12/15/2016,A26767
Q4-2018,5,12/25/2018,A26767
Q3-2016,5,8/15/2016,A26767
Q1-2018,5,1/24/2018,A26767
Q2-2018,5,4/24/2018,A26767
Q2-2017,5,6/24/2017,A26767
Q4-2017,5,11/24/2017,A26767
Q3-2016,5,9/15/2016,A26767
Q1-2016,20,1/15/2016,A26767
Q4-2018,5,11/25/2018,A26767
Q3-2018,5,7/24/2018,A26767
Q4-2017,5,10/24/2017,A26767
Q1-2019,5,2/25/2019,A26767
Q2-2017,5,4/24/2017,A26767
Q1-2016,5,2/15/2016,A26767
Q3-2016,5,7/15/2016,A26767
Q1-2017,5,1/24/2017,A26767
Q1-2018,5,2/24/2018,A26767
Q3-2018,5,9/25/2018,A26767
Q3-2017,5,8/24/2017,A26767
Q4-2016,5,10/15/2016,A26767
Q2-2017,20,4/22/2017,A24930
Q2-2017,20,4/22/2017,A37067
Q2-2017,20,4/22/2017,A16922
Q4-2016,50,10/15/2016,A14160
Q3-2018,10,8/20/2018,A20071
Q4-2015,10,12/15/2015,A31384
Q2-2018,40,4/7/2018,A36856
Q1-2016,10,1/15/2016,A4908
Q4-2017,20,11/16/2017,A34697
Q4-2015,5,12/15/2015,A33953
Q4-2015,20,12/15/2015,A33953
Q4-2018,20,11/25/2018,A22330
Q4-2018,20,12/25/2018,A22330
Q3-2018,20,7/25/2018,A22330
Q3-2018,20,9/25/2018,A22330
Q4-2018,20,10/25/2018,A22330
Q1-2019,20,1/25/2019,A22330
Q3-2018,20,8/25/2018,A22330
Q2-2017,20,4/22/2017,A17461
Q2-2016,50,4/15/2016,A4133
Q4-2018,45.24,11/26/2018,A26092
Q4-2018,45.24,11/26/2018,A26502
Q4-2018,NA,11/26/2018,A26092
Q4-2018,NA,11/26/2018,A26502
Q4-2016,20,11/15/2016,A23872
Q4-2017,20,11/22/2017,A23872
Q1-2016,40,2/15/2016,A5998
Q1-2017,20,3/9/2017,A10839
Q4-2016,12.18,11/15/2016,A25580
Q4-2018,15,11/19/2018,A25580
Q4-2018,20,11/19/2018,A25580
Q4-2017,10,11/22/2017,A25580
Q2-2017,11.5,4/30/2017,A25580
Q2-2018,20,6/2/2018,A25580
Q2-2017,20,4/22/2017,A25580
Q4-2017,100,11/26/2017,A24733
Q1-2016,20,2/15/2016,A26826
Q4-2017,31,11/28/2017,A29218
Q1-2016,10,2/15/2016,A29218
Q4-2018,37.51,11/29/2018,A29218
Q4-2016,10,11/15/2016,A29218
Q4-2018,15,11/29/2018,A29218
Q1-2017,17,2/26/2017,A29218
Q1-2018,35,2/21/2018,A28600
Q4-2018,15,11/29/2018,A4846
Q3-2017,20,8/3/2017,A4846
Q1-2016,10,3/5/2016,A22558
Q4-2016,200,12/15/2016,A25776
Q3-2018,50,7/19/2018,A22632
Q1-2017,207.55,2/27/2017,A18436
Q4-2018,25,12/4/2018,A26125
Q4-2017,50,11/13/2017,A26125
Q4-2016,4.87,11/15/2016,A33151
Q3-2018,70,8/24/2018,A16954
Q3-2018,70,9/24/2018,A16954
Q4-2018,70,11/24/2018,A16954
Q2-2018,70,4/24/2018,A16954
Q2-2018,70,6/24/2018,A16954
Q2-2018,70,5/24/2018,A16954
Q4-2018,70,12/24/2018,A16954
Q4-2018,70,10/24/2018,A16954
Q1-2019,70,1/24/2019,A16954
Q3-2018,70,7/24/2018,A16954
Q1-2016,50,1/15/2016,A27062
Q4-2018,50,11/19/2018,A27062
Q4-2018,100,11/16/2018,A31386
Q4-2018,25,11/16/2018,A31386
Q2-2018,200,6/13/2018,A31386
Q2-2017,20,4/19/2017,A37365
Q3-2018,10,7/8/2018,A7067
Q4-2016,30,11/15/2016,A29587
Q2-2016,50,6/15/2016,A24781
Q3-2018,25,7/5/2018,A35072
Q4-2017,10,11/28/2017,A17665
Q3-2018,25,7/5/2018,A39095
Q2-2017,50,5/1/2017,A28026
Q4-2018,23.01,11/17/2018,A29192
Q2-2018,25,6/13/2018,A29192
Q1-2018,19,2/25/2018,A29192
Q2-2018,90,5/27/2018,A29192
Q2-2017,40,5/19/2017,A29192
Q3-2018,23.1,9/11/2018,A29192
Q4-2017,41.77,11/28/2017,A29192
Q2-2016,30,5/15/2016,A26857
Q4-2016,25.93,10/15/2016,A19829
Q4-2016,25.93,10/15/2016,A24684
Q1-2016,20.31,1/15/2016,A19829
Q1-2016,20.31,1/15/2016,A24684
Q2-2016,15.48,4/15/2016,A19829
Q2-2016,15.48,4/15/2016,A24684
Q1-2016,10.75,2/15/2016,A19829
Q1-2016,10.75,2/15/2016,A24684
Q2-2018,25,6/13/2018,A20456
Q4-2016,40,11/15/2016,A37085
Q4-2018,50,11/19/2018,A4091
Q1-2016,100,1/15/2016,A26742
Q4-2016,25,12/15/2016,A26742
Q2-2016,100,6/15/2016,A26742
Q2-2018,50,4/14/2018,A26742
Q3-2016,50,8/15/2016,A26742
Q4-2017,100,11/14/2017,A31264
Q2-2017,100,4/18/2017,A31264
Q4-2018,100,11/5/2018,A31264
Q3-2018,10,8/30/2018,A34206
Q1-2018,10,3/21/2018,A34206
Q3-2018,10,9/28/2018,A34206
Q2-2018,10,4/21/2018,A34206
Q2-2017,50,4/26/2017,A34206
Q1-2019,10,1/28/2019,A34206
Q1-2019,10,2/28/2019,A34206
Q4-2018,10,12/26/2018,A34206
Q4-2018,10,11/30/2018,A34206
Q3-2017,10,7/20/2017,A34206
Q1-2018,10,2/21/2018,A34206
Q2-2018,10,5/21/2018,A34206
Q4-2018,10,10/29/2018,A34206
Q3-2018,10,7/30/2018,A34206
Q2-2018,10,6/28/2018,A34206
Q2-2017,20,5/1/2017,A498
Q2-2017,20,5/1/2017,A20022
Q2-2017,20,5/1/2017,A37213
Q2-2017,30,5/1/2017,A498
Q2-2017,30,5/1/2017,A20022
Q2-2017,30,5/1/2017,A37213
Q4-2018,22.51,11/29/2018,A498
Q4-2018,22.51,11/29/2018,A20022
Q4-2018,22.51,11/29/2018,A37213
Q4-2016,36.06,11/15/2016,A498
Q4-2016,36.06,11/15/2016,A20022
Q4-2016,36.06,11/15/2016,A37213
Q1-2016,10,1/15/2016,A28476
Q2-2016,10,5/15/2016,A28476
Q4-2016,161,11/15/2016,A32608
Q4-2018,90,12/8/2018,A32608
Q4-2016,9,10/15/2016,A32608
Q3-2018,23.18,7/5/2018,A32608
Q2-2016,8.69,5/15/2016,A37048
Q4-2017,53.26,11/28/2017,A30404
Q4-2018,102.25,11/26/2018,A30404
Q4-2018,50,12/13/2018,A26633
Q4-2018,50,12/13/2018,A5135
Q4-2018,50,12/13/2018,A15820
Q4-2016,28.01,11/15/2016,A20706
Q2-2016,50,5/15/2016,A33458
Q4-2017,105.94,11/28/2017,A33458
Q4-2018,50,11/18/2018,A33458
Q3-2016,40,8/15/2016,A20524
Q1-2018,25,3/20/2018,A10725
Q1-2018,25,3/20/2018,A23926
Q4-2018,5,11/6/2018,A29642
Q1-2016,240,2/15/2016,A25067
Q1-2016,240,2/15/2016,A30377
Q1-2016,285,1/15/2016,A25067
Q1-2016,285,1/15/2016,A30377
Q2-2016,8.82,5/15/2016,A25067
Q2-2016,8.82,5/15/2016,A30377
Q4-2016,16.16,11/15/2016,A25067
Q4-2016,16.16,11/15/2016,A30377
Q2-2016,30,6/15/2016,A26888
Q1-2019,21.56,1/24/2019,A26888
Q1-2016,5,1/15/2016,A12345
Q4-2017,10,11/22/2017,A29295
Q1-2017,20,3/14/2017,A23442
Q4-2017,50,11/22/2017,A23442
Q2-2017,20,4/25/2017,A23442
Q4-2018,50,11/6/2018,A23442
Q4-2016,20,11/15/2016,A23442
Q4-2017,50,11/22/2017,A23442
Q3-2016,20,7/15/2016,A32262
Q2-2016,100,4/15/2016,A32262
Q2-2016,30,6/15/2016,A27592
Q1-2016,30,1/17/2016,A29998
Q3-2018,35,8/8/2018,A32913
Q3-2018,35,8/8/2018,A32914
Q3-2018,35,8/8/2018,A12695
Q1-2018,35,3/8/2018,A32913
Q1-2018,35,3/8/2018,A32914
Q1-2018,35,3/8/2018,A12695
Q3-2018,35,7/8/2018,A32913
Q3-2018,35,7/8/2018,A32914
Q3-2018,35,7/8/2018,A12695
Q4-2018,35,12/8/2018,A32913
Q4-2018,35,12/8/2018,A32914
Q4-2018,35,12/8/2018,A12695
Q2-2018,35,6/8/2018,A32913
Q2-2018,35,6/8/2018,A32914
Q2-2018,35,6/8/2018,A12695
Q2-2018,35,4/8/2018,A32913
Q2-2018,35,4/8/2018,A32914
Q2-2018,35,4/8/2018,A12695
Q4-2018,35,11/8/2018,A32913
Q4-2018,35,11/8/2018,A32914
Q4-2018,35,11/8/2018,A12695
Q1-2018,35,2/8/2018,A32913
Q1-2018,35,2/8/2018,A32914
Q1-2018,35,2/8/2018,A12695
Q3-2018,35,9/8/2018,A32913
Q3-2018,35,9/8/2018,A32914
Q3-2018,35,9/8/2018,A12695
Q4-2018,35,10/8/2018,A32913
Q4-2018,35,10/8/2018,A32914
Q4-2018,35,10/8/2018,A12695
Q2-2016,8.69,5/15/2016,A32913
Q2-2016,8.69,5/15/2016,A32914
Q2-2016,8.69,5/15/2016,A12695
Q2-2018,35,5/8/2018,A32913
Q2-2018,35,5/8/2018,A32914
Q2-2018,35,5/8/2018,A12695
Q2-2016,100,5/15/2016,A10088
Q1-2016,20,1/15/2016,A31655
Q2-2016,8,4/15/2016,A37052
Q3-2016,101.19,7/15/2016,A31284
Q1-2016,10,1/15/2016,A32915
Q2-2016,15,5/15/2016,A32915
Q4-2018,25,11/19/2018,A36139
Q4-2016,9.73,11/15/2016,A30485
Q4-2018,20,10/12/2018,A38265
Q3-2018,20,8/12/2018,A38265
Q3-2018,20,9/12/2018,A38265
Q3-2018,5,8/24/2018,A21918
Q3-2018,5,9/24/2018,A21918
Q4-2017,20,11/7/2017,A21918
Q3-2018,10,7/25/2018,A21918
Q1-2019,5,1/24/2019,A21918
Q3-2018,5,7/24/2018,A21918
Q2-2018,5,5/24/2018,A21918
Q4-2018,5,10/24/2018,A21918
Q2-2018,5,4/24/2018,A21918
Q4-2018,5,11/24/2018,A21918
Q4-2018,5,12/24/2018,A21918
Q2-2018,5,6/24/2018,A21918
Q3-2018,50,7/11/2018,A32275
Q3-2018,50,7/10/2018,A32275
Q2-2017,30,5/2/2017,A32275
Q4-2017,15.5,11/28/2017,A32275
Q4-2017,23.25,11/28/2017,A32275
Q4-2016,21.64,11/15/2016,A32275
Q4-2017,15.5,11/28/2017,A32275
Q3-2018,50,7/10/2018,A32275
Q4-2017,15.5,11/28/2017,A32275
Q4-2018,78.79,11/29/2018,A32275
Q4-2017,31,11/28/2017,A32275
Q4-2018,22.5,11/26/2018,A32275
Q4-2018,22.51,11/29/2018,A32275
Q3-2018,8.12,9/14/2018,A40052
Q4-2018,25,11/22/2018,A22396
Q2-2016,15,5/15/2016,A22396
Q3-2018,10,8/25/2018,A22396
Q1-2016,30,1/15/2016,A22396
Q3-2018,10,7/25/2018,A22396
Q4-2018,10,12/25/2018,A22396
Q2-2017,25,4/22/2017,A22396
Q3-2018,10,9/25/2018,A22396
Q1-2016,25,2/15/2016,A22396
Q4-2018,10,10/25/2018,A22396
Q1-2019,10,1/25/2019,A22396
Q4-2018,10,11/25/2018,A22396
Q4-2018,1100,11/29/2018,A29024
Q4-2017,425,12/17/2017,A29024
Q2-2016,6,5/15/2016,A29024
Q1-2016,22.66,2/15/2016,A29024
Q4-2016,27.19,11/15/2016,A29024
Q2-2016,100,5/15/2016,A25234
Q1-2016,50,3/15/2016,A25234
Q1-2018,100,2/20/2018,A1123
Q2-2018,9,4/17/2018,A30416
Q2-2018,9,4/17/2018,A30415
Q4-2018,100,11/19/2018,A27439
Q1-2016,3,1/15/2016,A20583
Q1-2016,3,1/15/2016,A21968
Q2-2017,6.19,5/5/2017,A37203
Q3-2017,3.6,8/22/2017,A37203
Q4-2018,5,11/26/2018,A8252
Q4-2018,5,11/26/2018,A3802
Q4-2018,5,11/26/2018,A20929
Q2-2016,5,5/15/2016,A8252
Q2-2016,5,5/15/2016,A3802
Q2-2016,5,5/15/2016,A20929
Q2-2016,10,6/15/2016,A8252
Q2-2016,10,6/15/2016,A3802
Q2-2016,10,6/15/2016,A20929
Q2-2018,30,4/7/2018,A1424
Q2-2018,30,4/7/2018,A8246
Q2-2018,30,4/7/2018,A31178
Q3-2017,5.5,8/22/2017,A34365
Q4-2018,101.67,11/29/2018,A4381
Q4-2018,101.67,11/29/2018,A9009
Q4-2018,101.67,11/29/2018,A37935
Q4-2018,101.67,11/29/2018,A10396
Q4-2018,101.67,11/29/2018,A31437
Q4-2018,23.07,10/5/2018,A24726
Q4-2018,23.07,10/5/2018,A24725
Q3-2018,20,8/1/2018,A34825
Q2-2016,20,6/15/2016,A34825
Q1-2017,20,2/2/2017,A25687
Q4-2018,22.59,11/29/2018,A25687
Q4-2016,5.15,12/15/2016,A25687
Q4-2016,10,11/15/2016,A25388
Q4-2016,10,11/15/2016,A17678
Q4-2017,10,11/22/2017,A25388
Q4-2017,10,11/22/2017,A17678
Q4-2017,10,11/22/2017,A25388
Q4-2017,10,11/22/2017,A17678
Q4-2017,10,11/22/2017,A25388
Q4-2017,10,11/22/2017,A17678
Q4-2018,20,11/29/2018,A19818
Q1-2016,20,2/15/2016,A2735
Q1-2016,20,1/15/2016,A2735
Q2-2016,42,5/15/2016,A2735
Q3-2018,60,7/26/2018,A34949
Q3-2018,15,8/1/2018,A30704
Q4-2018,25,11/20/2018,A28874
Q3-2018,100,8/5/2018,A13715
Q4-2018,20,11/29/2018,A39500
Q4-2016,10.62,10/15/2016,A25535
Q2-2018,60,6/30/2018,A31691
Q2-2018,60,6/30/2018,A38885
Q4-2017,30,11/28/2017,A31691
Q4-2017,30,11/28/2017,A38885
Q4-2017,20.09,11/28/2017,A31691
Q4-2017,20.09,11/28/2017,A38885
Q4-2016,9.74,11/15/2016,A34478
Q2-2017,10,4/20/2017,A39110
Q1-2017,7.45,1/23/2017,A26196
Q4-2018,25,11/20/2018,A39552
Q4-2018,22.48,11/26/2018,A29625
Q4-2018,17.69,11/29/2018,A24585
Q4-2018,22.48,11/26/2018,A24585
Q2-2016,30,6/15/2016,A24585
Q2-2016,2,5/15/2016,A32315
Q4-2016,5,10/15/2016,A23386
Q4-2016,5,10/15/2016,A28782
Q2-2018,35,5/18/2018,A4063
Q3-2018,35,8/18/2018,A4063
Q1-2019,35,1/18/2019,A4063
Q2-2018,35,6/18/2018,A4063
Q3-2018,35,7/18/2018,A4063
Q1-2018,35,3/18/2018,A4063
Q3-2018,35,9/18/2018,A4063
Q4-2018,35,10/18/2018,A4063
Q1-2018,35,2/18/2018,A4063
Q2-2018,35,4/18/2018,A4063
Q4-2018,35,12/18/2018,A4063
Q4-2018,35,11/18/2018,A4063
Q2-2018,35,4/18/2018,A15644
Q2-2018,35,4/18/2018,A37421
Q3-2018,35,8/18/2018,A15644
Q3-2018,35,8/18/2018,A37421
Q1-2018,35,3/18/2018,A15644
Q1-2018,35,3/18/2018,A37421
Q3-2018,35,9/18/2018,A15644
Q3-2018,35,9/18/2018,A37421
Q2-2018,35,6/18/2018,A15644
Q2-2018,35,6/18/2018,A37421
Q4-2017,10,11/6/2017,A15644
Q4-2017,10,11/6/2017,A37421
Q3-2018,35,7/18/2018,A15644
Q3-2018,35,7/18/2018,A37421
Q4-2018,35,12/18/2018,A15644
Q4-2018,35,12/18/2018,A37421
Q4-2018,35,11/18/2018,A15644
Q4-2018,35,11/18/2018,A37421
Q4-2018,35,10/18/2018,A15644
Q4-2018,35,10/18/2018,A37421
Q2-2018,35,5/18/2018,A15644
Q2-2018,35,5/18/2018,A37421
Q1-2018,35,2/18/2018,A15644
Q1-2018,35,2/18/2018,A37421
Q1-2019,35,1/18/2019,A15644
Q1-2019,35,1/18/2019,A37421
Q3-2018,20,7/25/2018,A30086
Q4-2018,2.5,11/22/2018,A33257
Q4-2018,20,11/29/2018,A28623
Q4-2018,101.64,11/29/2018,A27683
Q4-2018,101.64,11/29/2018,A33239
Q4-2018,319.5,11/22/2018,A19820
Q4-2018,319.5,11/22/2018,A15762
Q4-2018,319.5,11/22/2018,A7497
Q4-2018,319.5,11/22/2018,A29810
Q3-2018,10,8/26/2018,A20239
Q1-2019,10,1/26/2019,A20239
Q4-2018,10,11/26/2018,A20239
Q4-2018,10,10/26/2018,A20239
Q3-2018,10,9/26/2018,A20239
Q3-2018,10,7/26/2018,A20239
Q4-2018,10,12/26/2018,A20239
Q3-2017,59.85,7/10/2017,A28831
Q3-2017,59.85,7/10/2017,A27992
Q4-2018,50,12/6/2018,A9541
Q4-2018,50,10/6/2018,A9541
Q3-2018,50,8/6/2018,A9541
Q1-2019,50,1/6/2019,A9541
Q3-2018,50,9/6/2018,A9541
Q4-2018,50,11/6/2018,A9541
Q1-2018,105,3/14/2018,A38501
Q3-2018,10,9/16/2018,A15663
Q1-2019,10,1/16/2019,A15663
Q3-2018,10,8/16/2018,A15663
Q2-2018,10,4/16/2018,A15663
Q4-2018,10,10/16/2018,A15663
Q4-2018,7.5,11/29/2018,A15663
Q2-2018,10,5/16/2018,A15663
Q3-2018,10,8/16/2018,A15663
Q3-2018,10,7/16/2018,A15663
Q4-2018,10,11/16/2018,A15663
Q4-2018,10,12/16/2018,A15663
Q2-2018,10,6/16/2018,A15663
Q1-2019,50,1/14/2019,A29821
Q3-2018,15,7/25/2018,A29821
Q1-2016,15,2/15/2016,A32882
Q2-2017,50,4/20/2017,A37207
Q1-2018,75,2/3/2018,A37207
Q2-2018,105,4/27/2018,A37207
Q1-2018,20,1/14/2018,A27226
Q2-2018,20,4/14/2018,A27226
Q3-2018,20,9/28/2018,A27226
Q1-2018,20,3/14/2018,A27226
Q4-2016,50,11/15/2016,A27226
Q3-2018,20,8/30/2018,A27226
Q4-2017,20,12/14/2017,A27226
Q1-2018,20,2/14/2018,A27226
Q2-2018,20,5/14/2018,A27226
Q2-2018,20,6/28/2018,A27226
Q3-2018,10,7/30/2018,A27226
Q4-2017,20,11/14/2017,A27226
Q1-2018,19,2/25/2018,A31967
Q3-2018,50,7/25/2018,A11223
Q2-2018,35,6/15/2018,A11223
Q2-2016,25,5/15/2016,A11223
Q3-2018,50,8/12/2018,A34059
Q4-2017,100,11/18/2017,A32133
Q4-2018,10,11/26/2018,A1559
Q3-2017,35,9/9/2017,A31030
Q3-2018,32,9/11/2018,A31030
Q3-2016,11.25,8/15/2016,A31030
Q2-2017,20,6/4/2017,A13444
Q2-2017,20,6/4/2017,A29154
Q2-2017,20,5/3/2017,A13444
Q2-2017,20,5/3/2017,A29154
Q2-2018,25,6/13/2018,A13444
Q2-2018,25,6/13/2018,A29154
Q4-2017,20,11/22/2017,A13444
Q4-2017,20,11/22/2017,A29154
Q3-2017,50,7/8/2017,A13444
Q3-2017,50,7/8/2017,A29154
Q4-2017,10,11/29/2017,A24429
Q3-2018,105,8/6/2018,A14283
Q3-2018,15,7/30/2018,A16822
Q4-2018,50,11/6/2018,A16822
Q2-2017,55,5/4/2017,A37206
Q2-2017,34,6/3/2017,A37206
Q2-2016,20,5/15/2016,A24435
Q1-2016,10,2/15/2016,A35434
Q4-2016,10.62,11/15/2016,A27564
Q2-2016,8,4/15/2016,A27564
Q2-2017,11.5,4/30/2017,A24740
Q4-2016,8.5,11/15/2016,A24740
Q3-2016,13.16,9/15/2016,A24740
Q4-2016,30.36,12/15/2016,A24740
Q2-2016,12.5,5/15/2016,A24740
Q4-2016,10,11/15/2016,A25608
Q4-2016,10,11/15/2016,A31197
Q4-2016,10,11/15/2016,A20521
Q4-2016,20,11/15/2016,A32479
Q4-2016,50,12/15/2016,A32479
Q1-2017,30,3/1/2017,A28954
Q2-2018,15,4/28/2018,A39114
Q4-2016,50,12/15/2016,A27011
Q4-2018,100,11/20/2018,A27011
Q4-2018,25,11/5/2018,A34965
Q1-2016,5,2/15/2016,A33125
Q1-2016,5,2/15/2016,A25678
Q1-2016,5,2/15/2016,A28170
Q2-2016,5,4/15/2016,A33125
Q2-2016,5,4/15/2016,A25678
Q2-2016,5,4/15/2016,A28170
Q4-2018,10,11/20/2018,A28535
Q3-2016,26.4,7/15/2016,A37068
Q4-2017,20,11/12/2017,A37068
Q4-2016,15,11/15/2016,A37068
Q3-2018,15,7/3/2018,A37068
Q4-2018,12,11/23/2018,A37068
Q2-2018,5,6/12/2018,A20578
Q4-2018,22.59,11/29/2018,A31992
Q1-2019,51.34,2/8/2019,A31992
Q2-2018,25,6/13/2018,A20634
Q2-2018,25,6/13/2018,A26132
Q1-2016,50,1/15/2016,A20634
Q1-2016,50,1/15/2016,A26132
Q2-2018,100,6/12/2018,A31185
Q4-2018,25,11/18/2018,A34159
Q4-2016,70,11/15/2016,A16142
Q2-2017,20,5/6/2017,A16142
Q4-2017,12,10/10/2017,A6483
Q4-2018,20,11/29/2018,A30287
Q4-2018,20,11/29/2018,A2806
Q4-2018,20,11/29/2018,A32082
Q4-2018,20,11/29/2018,A6504
Q4-2018,20,11/29/2018,A30258
Q4-2018,20,11/29/2018,A14562
Q3-2018,100,7/26/2018,A33884
Q3-2017,10.62,7/26/2017,A31595
Q4-2017,20,11/23/2017,A23144
Q4-2017,50,11/26/2017,A31871
Q4-2016,10,11/15/2016,A31871
Q1-2016,2,1/15/2016,A31502
Q4-2016,10.62,10/15/2016,A14023
Q4-2017,100,11/16/2017,A11682
Q4-2018,1000,10/22/2018,A6106
Q4-2017,10,11/6/2017,A13682
Q3-2018,100,7/9/2018,A1389
Q3-2016,25,9/15/2016,A23830
Q4-2016,50,12/15/2016,A22626
Q1-2017,7.45,1/23/2017,A20261
Q1-2017,7.45,1/23/2017,A9606
Q2-2016,8.69,5/15/2016,A33206
Q3-2018,15,8/6/2018,A33607
Q4-2018,10,11/6/2018,A2629
Q4-2018,10,11/6/2018,A2629
Q4-2018,10,11/6/2018,A2629
Q4-2018,10,11/6/2018,A2629
Q4-2016,50,11/15/2016,A2629
Q2-2016,50,5/15/2016,A2629
Q4-2018,10,11/6/2018,A2629
Q4-2017,20,11/21/2017,A6345
Q4-2016,12.18,11/15/2016,A28385
Q2-2017,11.5,4/30/2017,A28385
Q4-2016,14.42,11/15/2016,A30475
Q2-2016,29.7,6/15/2016,A30475
Q1-2016,10,2/15/2016,A32887
Q3-2016,22.81,7/15/2016,A29837
Q3-2016,22.81,7/15/2016,A11430
Q3-2016,22.81,7/15/2016,A40336
Q2-2017,13,5/3/2017,A29837
Q2-2017,13,5/3/2017,A11430
Q2-2017,13,5/3/2017,A40336
Q1-2018,100,3/28/2018,A444
Q1-2018,100,3/28/2018,A22806
Q1-2018,100,3/28/2018,A1820
Q1-2016,25,1/15/2016,A22899
Q1-2017,20,2/25/2017,A22899
Q1-2016,5,1/15/2016,A30137
Q3-2018,15,7/25/2018,A33835
Q4-2018,15,10/25/2018,A33835
Q3-2018,15,8/25/2018,A33835
Q4-2018,15,12/25/2018,A33835
Q1-2019,15,1/25/2019,A33835
Q4-2018,15,11/25/2018,A33835
Q3-2018,15,9/25/2018,A33835
Q4-2017,100,11/10/2017,A30065
Q2-2017,250,4/28/2017,A30065
Q4-2018,23.11,10/5/2018,A22627
Q3-2018,50,7/3/2018,A9961
Q2-2017,100,4/27/2017,A21530
Q3-2016,10,7/15/2016,A21530
Q1-2016,10,1/15/2016,A21530
Q2-2018,20,5/21/2018,A4726
Q2-2018,20,5/21/2018,A17897
Q2-2018,20,5/21/2018,A24821
Q4-2018,50,11/29/2018,A4726
Q4-2018,50,11/29/2018,A17897
Q4-2018,50,11/29/2018,A24821
Q2-2018,20,6/10/2018,A32256
Q2-2018,20,6/10/2018,A7838
Q2-2018,20,6/11/2018,A32256
Q2-2018,20,6/11/2018,A7838
Q4-2018,40,11/15/2018,A17330
Q4-2016,80,11/15/2016,A17330
Q4-2016,7.5,10/15/2016,A17330
Q4-2018,390,11/14/2018,A17330
Q3-2017,19,8/3/2017,A17330
Q4-2018,25,11/6/2018,A24132
Q4-2018,25,11/6/2018,A21595
Q4-2018,25,11/6/2018,A14440
Q4-2018,50,11/6/2018,A24132
Q4-2018,50,11/6/2018,A21595
Q4-2018,50,11/6/2018,A14440
Q1-2019,210,1/3/2019,A24132
Q1-2019,210,1/3/2019,A21595
Q1-2019,210,1/3/2019,A14440
Q3-2018,35,9/4/2018,A8087
Q4-2018,35,12/4/2018,A8087
Q4-2018,35,11/4/2018,A8087
Q3-2018,35,8/4/2018,A8087
Q1-2019,35,1/4/2019,A8087
Q4-2018,35,10/4/2018,A8087
Q2-2018,35,6/4/2018,A8087
Q3-2018,35,7/4/2018,A8087
Q4-2017,12,10/10/2017,A25085
Q3-2017,11.43,8/23/2017,A25085
Q1-2017,7.45,1/23/2017,A25085
Q4-2018,100,12/21/2018,A13603
Q4-2017,30,12/14/2017,A29755
Q3-2016,30,8/15/2016,A29755
Q1-2016,30,2/15/2016,A29755
Q1-2019,30,2/14/2019,A29755
Q1-2019,30,1/14/2019,A29755
Q4-2016,30,11/15/2016,A29755
Q1-2018,30,3/14/2018,A29755
Q3-2018,30,8/19/2018,A29755
Q2-2018,26.71,6/21/2018,A29755
Q4-2018,30,12/14/2018,A29755
Q2-2017,30,5/14/2017,A29755
Q1-2017,30,1/14/2017,A29755
Q2-2018,30,5/14/2018,A29755
Q3-2018,30,9/14/2018,A29755
Q1-2017,30,3/14/2017,A29755
Q2-2017,30,5/17/2017,A29755
Q4-2017,30,10/14/2017,A29755
Q2-2018,30,4/15/2018,A29755
Q1-2018,30,1/14/2018,A29755
Q3-2016,30,9/15/2016,A29755
Q3-2016,30,7/15/2016,A29755
Q1-2016,30,3/15/2016,A29755
Q4-2018,30,11/14/2018,A29755
Q4-2015,60,12/15/2015,A29755
Q3-2017,30,7/19/2017,A29755
Q3-2017,30,8/14/2017,A29755
Q4-2016,30,12/15/2016,A29755
Q2-2016,30,5/15/2016,A29755
Q1-2017,30,2/14/2017,A29755
Q3-2018,30,7/14/2018,A29755
Q4-2018,30,10/14/2018,A29755
Q2-2018,30,6/14/2018,A29755
Q2-2016,30,4/15/2016,A29755
Q3-2017,30,9/14/2017,A29755
Q1-2018,30,2/14/2018,A29755
Q4-2016,30,10/15/2016,A29755
Q4-2017,30,11/14/2017,A29755
Q2-2017,30,4/14/2017,A29755
Q4-2016,60,11/15/2016,A20607
Q4-2018,50,11/21/2018,A37399
Q4-2018,17.69,11/29/2018,A27594
Q1-2016,20,1/15/2016,A32379
Q1-2016,20,1/15/2016,A32378
Q1-2018,15.5,2/26/2018,A28526
Q4-2018,50,10/11/2018,A19774
Q4-2018,50,10/11/2018,A14566
Q3-2018,50,8/6/2018,A33090
Q2-2018,50,6/6/2018,A33090
Q1-2018,50,3/6/2018,A33090
Q2-2018,50,4/6/2018,A33090
Q3-2018,50,9/6/2018,A33090
Q4-2018,50,10/6/2018,A33090
Q4-2018,50,11/6/2018,A33090
Q1-2019,50,1/6/2019,A33090
Q4-2018,50,12/6/2018,A33090
Q2-2018,50,5/6/2018,A33090
Q3-2018,50,7/6/2018,A33090
Q2-2016,10,4/15/2016,A30546
Q2-2017,25,5/16/2017,A31165
Q2-2017,25,6/16/2017,A31165
Q2-2017,25,4/16/2017,A31165
Q4-2017,25,10/16/2017,A31165
Q4-2018,25,11/16/2018,A31165
Q3-2017,25,8/16/2017,A31165
Q4-2018,25,10/16/2018,A31165
Q3-2018,25,8/16/2018,A31165
Q3-2017,25,9/16/2017,A31165
Q3-2017,25,7/16/2017,A31165
Q1-2018,25,2/16/2018,A31165
Q2-2018,25,6/16/2018,A31165
Q1-2018,25,3/16/2018,A31165
Q2-2016,50,4/15/2016,A31165
Q4-2017,25,11/16/2017,A31165
Q1-2018,25,1/16/2018,A31165
Q2-2018,25,4/17/2018,A31165
Q4-2016,10,11/15/2016,A31165
Q2-2018,25,5/17/2018,A31165
Q3-2018,25,7/16/2018,A31165
Q1-2019,25,1/16/2019,A31165
Q4-2018,25,12/16/2018,A31165
Q3-2016,67.52,7/15/2016,A31165
Q3-2018,25,9/16/2018,A31165
Q4-2017,25,12/16/2017,A31165
Q1-2019,25,2/16/2019,A31165
Q1-2016,5,1/15/2016,A30595
Q4-2016,5,11/15/2016,A30595
Q4-2015,6.95,12/15/2015,A30595
Q2-2016,5,5/15/2016,A30595
Q2-2016,5,4/15/2016,A30595
Q4-2018,10,11/29/2018,A30595
Q2-2018,30,6/13/2018,A25161
Q1-2017,7.45,1/23/2017,A33737
Q4-2018,25,11/17/2018,A37065
Q4-2018,50,11/29/2018,A37065
Q2-2016,50,6/15/2016,A37065
Q2-2018,150,6/15/2018,A37065
Q4-2018,22.58,11/26/2018,A31419
Q4-2018,50,11/26/2018,A11808
Q4-2018,50,11/26/2018,A11808
Q1-2019,20,2/25/2019,A11808
Q4-2017,23.53,11/29/2017,A30746
Q4-2016,10,11/15/2016,A30746
Q1-2016,10,2/15/2016,A25833
Q2-2017,30.96,6/4/2017,A4965
Q2-2016,25,5/15/2016,A4965
Q4-2015,100,12/15/2015,A4965
Q4-2016,100,10/15/2016,A4965
Q1-2016,200,1/15/2016,A2462
Q1-2016,10,1/15/2016,A33571
Q1-2016,10,1/15/2016,A35569
Q3-2018,50,7/30/2018,A13919
Q3-2018,50,7/30/2018,A18546
Q3-2016,25,7/15/2016,A32382
Q2-2016,25,4/15/2016,A32382
Q4-2017,50,11/18/2017,A32382
Q3-2016,25,8/15/2016,A32382
Q4-2016,20,11/15/2016,A32382
Q2-2016,25,5/15/2016,A32382
Q4-2018,20,11/23/2018,A32382
Q1-2016,25,3/15/2016,A32382
Q2-2016,20,5/15/2016,A8129
Q2-2017,10,5/3/2017,A12351
Q2-2017,10,5/3/2017,A13294
Q2-2017,10,5/3/2017,A12350
Q1-2019,8.75,2/28/2019,A12351
Q1-2019,8.75,2/28/2019,A13294
Q1-2019,8.75,2/28/2019,A12350
Q4-2017,12,10/10/2017,A12351
Q4-2017,12,10/10/2017,A13294
Q4-2017,12,10/10/2017,A12350
Q2-2018,9,4/17/2018,A12351
Q2-2018,9,4/17/2018,A13294
Q2-2018,9,4/17/2018,A12350
Q3-2017,11.43,8/23/2017,A12351
Q3-2017,11.43,8/23/2017,A13294
Q3-2017,11.43,8/23/2017,A12350
Q2-2018,15,5/18/2018,A12351
Q2-2018,15,5/18/2018,A13294
Q2-2018,15,5/18/2018,A12350
Q4-2018,150,12/31/2018,A28153
Q2-2017,50,4/29/2017,A28153
Q4-2017,50,12/31/2017,A28153
Q4-2016,50,12/15/2016,A28153
Q4-2018,100,11/29/2018,A25137
Q3-2017,11.43,8/23/2017,A25043
Q3-2017,9,8/31/2017,A25043
Q3-2018,8.12,9/14/2018,A25043
Q2-2018,9,4/17/2018,A25043
Q4-2016,5.38,11/15/2016,A33770
Q3-2018,10,9/15/2018,A33770
Q4-2016,9.2,11/15/2016,A31918
Q1-2016,10,1/15/2016,A34028
Q4-2017,20,11/22/2017,A20266
Q1-2016,50,1/15/2016,A2971
Q2-2017,58,5/4/2017,A30043
Q1-2019,25,1/27/2019,A30043
Q4-2016,21.64,11/15/2016,A30043
Q2-2016,25.99,6/15/2016,A30043
Q4-2018,25,12/27/2018,A30043
Q3-2017,110,8/4/2017,A30043
Q2-2017,30,5/2/2017,A30043
Q2-2018,20,6/13/2018,A19036
Q2-2018,20,6/13/2018,A29250
Q2-2018,20,6/13/2018,A31477
Q2-2016,20,4/15/2016,A19036
Q2-2016,20,4/15/2016,A29250
Q2-2016,20,4/15/2016,A31477
Q2-2017,30,5/22/2017,A28543
Q2-2018,20,5/27/2018,A28543
Q4-2017,90,10/22/2017,A28543
Q3-2017,70,7/23/2017,A28543
Q4-2017,80,10/14/2017,A28543
Q3-2018,27.96,8/9/2018,A28543
Q4-2018,259.76,11/29/2018,A28543
Q3-2018,409,9/17/2018,A28543
Q2-2017,20,5/17/2017,A28543
Q3-2017,110,7/22/2017,A28543
Q4-2018,11.29,11/29/2018,A28543
Q1-2018,41,2/25/2018,A28543
Q4-2017,10,12/10/2017,A28543
Q1-2019,270,1/24/2019,A28543
Q4-2017,29,10/22/2017,A28543
Q4-2017,167.13,11/28/2017,A28543
Q4-2017,25,12/10/2017,A28543
Q2-2018,95,5/27/2018,A28543
Q4-2017,18,11/28/2017,A18696
Q4-2017,20,11/28/2017,A19161
Q4-2017,20,11/28/2017,A38444
Q4-2017,20,11/28/2017,A31909
Q4-2017,20,11/28/2017,A22421
Q2-2018,25,6/14/2018,A12793
Q2-2018,25,6/14/2018,A26541
Q1-2017,7.45,1/23/2017,A37092
Q3-2017,11.43,8/23/2017,A37092
Q4-2016,10.62,11/15/2016,A37092
Q4-2017,12,10/10/2017,A37092
Q3-2017,9,8/31/2017,A37092
Q2-2018,15,5/18/2018,A37092
Q4-2018,22.47,11/26/2018,A20676
Q4-2018,22.47,11/26/2018,A7041
Q3-2018,50,8/11/2018,A21497
Q2-2018,10,6/28/2018,A20151
Q3-2018,10,9/28/2018,A20151
Q1-2018,10,3/16/2018,A20151
Q3-2018,10,8/30/2018,A20151
Q2-2018,10,4/16/2018,A20151
Q1-2019,10,1/28/2019,A20151
Q4-2018,10,11/30/2018,A20151
Q3-2018,10,7/30/2018,A20151
Q4-2018,10,10/29/2018,A20151
Q2-2018,10,5/16/2018,A20151
Q1-2019,10,2/28/2019,A20151
Q4-2017,10,12/31/2017,A20151
Q4-2018,10,12/26/2018,A20151
Q1-2018,10,2/1/2018,A20151
Q3-2018,100,7/26/2018,A20151
Q3-2016,45,7/15/2016,A30045
Q1-2016,100,1/15/2016,A28617
Q4-2016,5,11/15/2016,A22242
Q3-2016,22.81,7/15/2016,A30602
Q1-2017,7.45,1/23/2017,A30602
Q4-2018,50,12/26/2018,A27842
Q4-2018,15,11/19/2018,A34335
Q4-2017,5,11/28/2017,A30063
Q3-2018,5,7/15/2018,A30063
Q2-2018,10,4/22/2018,A30063
Q4-2018,15,11/29/2018,A30063
Q4-2015,22.5,12/15/2015,A25976
Q3-2018,25,7/11/2018,A25976
Q1-2016,3,1/15/2016,A19805
Q3-2018,50,7/24/2018,A30709
Q3-2018,8.12,9/14/2018,A22247
Q1-2016,5,2/15/2016,A22959
Q4-2018,25,11/19/2018,A39067
Q4-2018,150,12/24/2018,A28833
Q4-2017,20,11/22/2017,A33900
Q4-2018,50,12/2/2018,A29996
Q3-2018,8.12,9/14/2018,A40100
Q2-2017,100,4/18/2017,A26283
Q1-2016,50,2/15/2016,A33865
Q1-2016,50,2/15/2016,A37745
Q4-2018,50,11/19/2018,A34078
Q4-2016,70.86,12/15/2016,A34078
Q2-2017,63.18,6/4/2017,A34078
Q3-2018,750,8/4/2018,A34078
Q1-2019,12.58,1/24/2019,A7800
Q2-2016,5,5/15/2016,A7800
Q3-2018,5,9/3/2018,A22548
Q3-2018,5,9/3/2018,A19978
Q3-2018,5,9/3/2018,A25386
Q2-2018,45,4/12/2018,A22548
Q2-2018,45,4/12/2018,A19978
Q2-2018,45,4/12/2018,A25386
Q4-2016,18.22,12/15/2016,A22548
Q4-2016,18.22,12/15/2016,A19978
Q4-2016,18.22,12/15/2016,A25386
Q4-2018,5.11,11/29/2018,A22548
Q4-2018,5.11,11/29/2018,A19978
Q4-2018,5.11,11/29/2018,A25386
Q3-2018,5,8/3/2018,A22548
Q3-2018,5,8/3/2018,A19978
Q3-2018,5,8/3/2018,A25386
Q1-2016,238.77,2/15/2016,A22548
Q1-2016,238.77,2/15/2016,A19978
Q1-2016,238.77,2/15/2016,A25386
Q4-2016,12.24,11/15/2016,A22548
Q4-2016,12.24,11/15/2016,A19978
Q4-2016,12.24,11/15/2016,A25386
Q4-2017,158.91,11/28/2017,A22548
Q4-2017,158.91,11/28/2017,A19978
Q4-2017,158.91,11/28/2017,A25386
Q1-2019,5,3/3/2019,A22548
Q1-2019,5,3/3/2019,A19978
Q1-2019,5,3/3/2019,A25386
Q1-2019,64.72,1/24/2019,A22548
Q1-2019,64.72,1/24/2019,A19978
Q1-2019,64.72,1/24/2019,A25386
Q4-2018,5,11/5/2018,A22548
Q4-2018,5,11/5/2018,A19978
Q4-2018,5,11/5/2018,A25386
Q3-2018,57.46,7/17/2018,A22548
Q3-2018,57.46,7/17/2018,A19978
Q3-2018,57.46,7/17/2018,A25386
Q2-2017,13,4/30/2017,A22548
Q2-2017,13,4/30/2017,A19978
Q2-2017,13,4/30/2017,A25386
Q2-2016,13.5,5/15/2016,A22548
Q2-2016,13.5,5/15/2016,A19978
Q2-2016,13.5,5/15/2016,A25386
Q4-2018,5,12/2/2018,A22548
Q4-2018,5,12/2/2018,A19978
Q4-2018,5,12/2/2018,A25386
Q1-2019,5,1/3/2019,A22548
Q1-2019,5,1/3/2019,A19978
Q1-2019,5,1/3/2019,A25386
Q3-2016,13.2,9/15/2016,A22548
Q3-2016,13.2,9/15/2016,A19978
Q3-2016,13.2,9/15/2016,A25386
Q2-2016,17.22,6/15/2016,A22548
Q2-2016,17.22,6/15/2016,A19978
Q2-2016,17.22,6/15/2016,A25386
Q4-2018,5,10/3/2018,A22548
Q4-2018,5,10/3/2018,A19978
Q4-2018,5,10/3/2018,A25386
Q4-2016,10,11/15/2016,A31587
Q4-2017,23.25,11/28/2017,A22555
Q1-2017,20,2/25/2017,A22555
Q4-2018,100,12/27/2018,A579
Q2-2018,36,4/25/2018,A33981
Q3-2018,18,9/22/2018,A33981
Q4-2018,18,11/22/2018,A33981
Q3-2018,36,8/22/2018,A33981
Q4-2018,54,12/21/2018,A33981
Q4-2018,18,11/22/2018,A33981
Q2-2017,10,4/18/2017,A33981
Q4-2018,36,10/27/2018,A33981
Q2-2018,36,6/23/2018,A33981
Q3-2017,20,9/24/2017,A33981
Q1-2019,36,1/24/2019,A33981
Q1-2019,36,2/25/2019,A33981
Q4-2018,18,10/2/2018,A33981
Q1-2018,36,3/23/2018,A33981
Q2-2018,36,5/28/2018,A33981
Q3-2018,54,7/24/2018,A33981
Q2-2017,30,5/5/2017,A21817
Q4-2016,50,11/15/2016,A21817
Q3-2016,40,8/15/2016,A29447
Q4-2018,50,11/4/2018,A35026
Q4-2018,50,11/4/2018,A31470
Q4-2018,191.99,11/29/2018,A37200
Q4-2018,22.59,11/29/2018,A37200
Q4-2018,NA,11/29/2018,A37200
Q1-2018,250,3/25/2018,A30331
Q1-2018,250,3/25/2018,A33790
Q1-2018,250,3/25/2018,A34224
Q1-2018,250,3/25/2018,A13169
Q1-2016,60,1/15/2016,A17559
Q4-2018,100,10/3/2018,A34925
Q4-2018,100,10/3/2018,A33557
Q4-2016,100,11/15/2016,A22970
Q4-2017,300,11/28/2017,A22970
Q2-2016,10,4/15/2016,A12843
Q2-2016,10,4/15/2016,A14488
Q2-2016,10,4/15/2016,A14487
Q3-2018,200,7/28/2018,A340
Q2-2017,100,4/29/2017,A30875
Q4-2016,30,11/15/2016,A30383
Q1-2018,10,2/8/2018,A26875
Q4-2015,10,12/15/2015,A27068
Q4-2015,10,12/15/2015,A26599
Q3-2017,11.9,8/22/2017,A32612
Q4-2016,15.33,11/15/2016,A32612
Q2-2017,12.4,5/5/2017,A32612
Q2-2016,20,6/15/2016,A32109
Q2-2016,20,6/15/2016,A29127
Q3-2018,30,7/29/2018,A2048
Q4-2018,10,10/5/2018,A38242
Q4-2018,10,12/5/2018,A38242
Q4-2018,10,11/5/2018,A38242
Q3-2018,10,9/5/2018,A38242
Q3-2018,10,8/5/2018,A38242
Q1-2019,10,1/5/2019,A38242
Q2-2018,20,5/27/2018,A30073
Q1-2018,40,3/6/2018,A38215
Q3-2018,25,7/25/2018,A37537
Q2-2017,40,4/29/2017,A28517
Q1-2018,19,2/25/2018,A29840
Q4-2017,41.77,11/28/2017,A29840
Q3-2018,23.14,7/16/2018,A29840
Q4-2018,57.33,11/23/2018,A29840
Q4-2018,20,12/22/2018,A24406
Q1-2019,20,1/22/2019,A24406
Q4-2018,20,11/22/2018,A24406
Q4-2018,12.7,12/14/2018,A34779
Q3-2018,8.12,9/14/2018,A39602
Q4-2018,17.69,11/29/2018,A33181
Q3-2017,1.7,8/22/2017,A35237
Q3-2017,1.7,8/22/2017,A32241
Q2-2018,25,6/4/2018,A33514
Q2-2018,25,6/4/2018,A31921
Q2-2018,25,6/4/2018,A30918
Q1-2017,7.45,1/23/2017,A27151
Q3-2017,9,8/31/2017,A27151
Q3-2018,10,9/25/2018,A28865
Q3-2018,10,9/25/2018,A32393
Q1-2019,10,1/29/2019,A28865
Q1-2019,10,1/29/2019,A32393
Q3-2018,10,8/25/2018,A28865
Q3-2018,10,8/25/2018,A32393
Q4-2018,10,10/25/2018,A28865
Q4-2018,10,10/25/2018,A32393
Q3-2018,10,7/25/2018,A28865
Q3-2018,10,7/25/2018,A32393
Q4-2018,10,12/25/2018,A28865
Q4-2018,10,12/25/2018,A32393
Q4-2018,10,11/25/2018,A28865
Q4-2018,10,11/25/2018,A32393
Q3-2018,35,7/20/2018,A31110
Q2-2017,20,4/22/2017,A31110
Q2-2018,35,6/20/2018,A31110
Q3-2018,35,8/20/2018,A31110
Q2-2016,50,6/15/2016,A31110
Q2-2017,20,4/22/2017,A31110
Q2-2017,20,4/22/2017,A31110
Q4-2018,35,12/20/2018,A31110
Q4-2015,50,12/15/2015,A31110
Q4-2018,35,11/20/2018,A31110
Q1-2016,5,1/15/2016,A31110
Q2-2018,35,4/20/2018,A31110
Q1-2019,35,1/20/2019,A31110
Q2-2018,35,5/20/2018,A31110
Q3-2018,35,9/20/2018,A31110
Q4-2018,35,10/20/2018,A31110
Q2-2018,25,6/15/2018,A22971
Q2-2018,25,6/15/2018,A28601
Q4-2018,20,12/2/2018,A22971
Q4-2018,20,12/2/2018,A28601
Q4-2017,20,11/21/2017,A3773
Q3-2016,100,7/15/2016,A3773
Q3-2017,16,8/3/2017,A16289
Q1-2019,21.56,1/24/2019,A34963
Q2-2017,11.5,4/30/2017,A34963
Q4-2016,24,12/15/2016,A34963
Q4-2016,12.18,11/15/2016,A34963
Q1-2017,10,2/12/2017,A20679
Q1-2016,4,3/15/2016,A20679
Q4-2016,20,11/15/2016,A20679
Q4-2018,15,11/20/2018,A20679
Q2-2017,20,5/8/2017,A20679
Q1-2016,30,1/15/2016,A20679
Q1-2016,15,2/15/2016,A20679
Q1-2016,40,3/15/2016,A26117
Q1-2016,40,3/15/2016,A21723
Q1-2016,20,2/15/2016,A28465
Q2-2017,20,6/12/2017,A30477
Q1-2016,36,2/15/2016,A27124
Q1-2016,36,2/15/2016,A30299
Q1-2016,36,2/15/2016,A21835
Q4-2018,93,11/2/2018,A11790
Q4-2018,93,11/2/2018,A1173
Q4-2018,93,11/2/2018,A1747
Q4-2018,93,11/2/2018,A37212
Q4-2018,93,11/2/2018,A22698
Q4-2018,93,11/2/2018,A12567
Q3-2017,4.1,8/22/2017,A11790
Q3-2017,4.1,8/22/2017,A1173
Q3-2017,4.1,8/22/2017,A1747
Q3-2017,4.1,8/22/2017,A37212
Q3-2017,4.1,8/22/2017,A22698
Q3-2017,4.1,8/22/2017,A12567
Q3-2018,120,8/1/2018,A11790
Q3-2018,120,8/1/2018,A1173
Q3-2018,120,8/1/2018,A1747
Q3-2018,120,8/1/2018,A37212
Q3-2018,120,8/1/2018,A22698
Q3-2018,120,8/1/2018,A12567
Q3-2018,420,8/1/2018,A11790
Q3-2018,420,8/1/2018,A1173
Q3-2018,420,8/1/2018,A1747
Q3-2018,420,8/1/2018,A37212
Q3-2018,420,8/1/2018,A22698
Q3-2018,420,8/1/2018,A12567
Q2-2017,6.2,5/5/2017,A11790
Q2-2017,6.2,5/5/2017,A1173
Q2-2017,6.2,5/5/2017,A1747
Q2-2017,6.2,5/5/2017,A37212
Q2-2017,6.2,5/5/2017,A22698
Q2-2017,6.2,5/5/2017,A12567
Q4-2016,100,11/15/2016,A11790
Q4-2016,100,11/15/2016,A1173
Q4-2016,100,11/15/2016,A1747
Q4-2016,100,11/15/2016,A37212
Q4-2016,100,11/15/2016,A22698
Q4-2016,100,11/15/2016,A12567
Q4-2018,95,11/2/2018,A11790
Q4-2018,95,11/2/2018,A1173
Q4-2018,95,11/2/2018,A1747
Q4-2018,95,11/2/2018,A37212
Q4-2018,95,11/2/2018,A22698
Q4-2018,95,11/2/2018,A12567
Q4-2017,50,11/6/2017,A30074
Q4-2017,30,11/7/2017,A19440
Q4-2017,30,11/7/2017,A19472
Q4-2017,30,11/7/2017,A35182
Q4-2017,30,11/7/2017,A9243
Q1-2018,19,2/25/2018,A38370
Q1-2018,19,2/25/2018,A18151
Q1-2018,19,2/25/2018,A28597
Q1-2018,19,2/25/2018,A29747
Q1-2019,21.56,1/24/2019,A20773
Q1-2016,3,1/15/2016,A25457
Q1-2016,3,1/15/2016,A22034
Q4-2018,17.69,11/29/2018,A27552
Q2-2016,8.69,5/15/2016,A31825
Q4-2016,10.77,11/15/2016,A31825
Q2-2016,8.69,5/15/2016,A33792
Q2-2017,50,4/28/2017,A30632
Q4-2018,15,12/26/2018,A31646
Q4-2018,15,12/26/2018,A29226
Q3-2018,15,7/26/2018,A31646
Q3-2018,15,7/26/2018,A29226
Q1-2019,15,1/26/2019,A31646
Q1-2019,15,1/26/2019,A29226
Q3-2018,15,9/26/2018,A31646
Q3-2018,15,9/26/2018,A29226
Q3-2018,15,8/26/2018,A31646
Q3-2018,15,8/26/2018,A29226
Q3-2018,32,7/5/2018,A31646
Q3-2018,32,7/5/2018,A29226
Q4-2018,15,10/26/2018,A31646
Q4-2018,15,10/26/2018,A29226
Q4-2018,15,11/26/2018,A31646
Q4-2018,15,11/26/2018,A29226
Q4-2017,10,11/28/2017,A6495
Q4-2017,20,11/22/2017,A6495
Q4-2016,20,10/15/2016,A6495
Q2-2016,5,5/15/2016,A6495
Q3-2016,5,7/15/2016,A6495
Q2-2018,15,5/18/2018,A27638
Q3-2017,11.43,8/23/2017,A14086
Q1-2017,7.45,1/23/2017,A14086
Q3-2017,9,8/31/2017,A14086
Q4-2016,20,11/15/2016,A28124
Q2-2018,25,6/4/2018,A28785
Q2-2018,25,6/4/2018,A371
Q2-2018,25,6/4/2018,A37059
Q2-2018,25,6/4/2018,A30489
Q2-2016,8.69,5/15/2016,A28785
Q2-2016,8.69,5/15/2016,A371
Q2-2016,8.69,5/15/2016,A37059
Q2-2016,8.69,5/15/2016,A30489
Q4-2018,20,11/25/2018,A28785
Q4-2018,20,11/25/2018,A371
Q4-2018,20,11/25/2018,A37059
Q4-2018,20,11/25/2018,A30489
Q4-2017,20,11/27/2017,A21242
Q4-2017,100,11/27/2017,A21242
Q1-2016,24,1/15/2016,A2976
Q4-2017,10,11/18/2017,A2976
Q2-2018,9,4/17/2018,A18737
Q4-2017,12,10/10/2017,A18737
Q1-2018,35,3/4/2018,A34854
Q1-2018,35,3/4/2018,A37542
Q1-2016,20,1/15/2016,A26547
Q3-2018,8.12,9/14/2018,A39600
Q2-2018,50,4/8/2018,A33081
Q1-2016,10,1/15/2016,A1673
Q4-2017,50,11/26/2017,A20316
Q4-2017,112.85,11/22/2017,A14304
Q2-2016,10,5/15/2016,A14304
Q3-2018,35,8/22/2018,A38115
Q3-2018,35,8/22/2018,A20962
Q3-2018,35,8/22/2018,A13581
Q4-2018,25,11/19/2018,A38115
Q4-2018,25,11/19/2018,A20962
Q4-2018,25,11/19/2018,A13581
Q3-2018,35,7/24/2018,A38115
Q3-2018,35,7/24/2018,A20962
Q3-2018,35,7/24/2018,A13581
Q3-2018,35,9/22/2018,A38115
Q3-2018,35,9/22/2018,A20962
Q3-2018,35,9/22/2018,A13581
Q1-2019,35,2/25/2019,A38115
Q1-2019,35,2/25/2019,A20962
Q1-2019,35,2/25/2019,A13581
Q4-2018,35,11/22/2018,A38115
Q4-2018,35,11/22/2018,A20962
Q4-2018,35,11/22/2018,A13581
Q4-2018,35,11/22/2018,A38115
Q4-2018,35,11/22/2018,A20962
Q4-2018,35,11/22/2018,A13581
Q2-2018,70,6/23/2018,A38115
Q2-2018,70,6/23/2018,A20962
Q2-2018,70,6/23/2018,A13581
Q2-2018,70,4/25/2018,A38115
Q2-2018,70,4/25/2018,A20962
Q2-2018,70,4/25/2018,A13581
Q1-2019,70,1/24/2019,A38115
Q1-2019,70,1/24/2019,A20962
Q1-2019,70,1/24/2019,A13581
Q4-2018,25,11/24/2018,A38115
Q4-2018,25,11/24/2018,A20962
Q4-2018,25,11/24/2018,A13581
Q4-2016,20,10/15/2016,A1118
Q1-2016,40,1/15/2016,A553
Q1-2016,40,1/15/2016,A37020
Q4-2017,50,11/28/2017,A29051
Q4-2017,23.25,11/28/2017,A34658
Q4-2017,100,11/29/2017,A4964
Q4-2017,100,11/29/2017,A5774
Q1-2017,8.75,2/3/2017,A33215
Q4-2016,5.15,12/15/2016,A34986
Q4-2017,50,11/23/2017,A21643
Q2-2018,50,6/18/2018,A21643
Q4-2018,50,11/16/2018,A21643
Q4-2018,200,11/17/2018,A29515
Q3-2018,38.34,8/4/2018,A40200
Q1-2016,12.74,2/15/2016,A29363
Q1-2016,10,1/15/2016,A31347
Q2-2016,30,5/15/2016,A22965
Q4-2017,50,11/22/2017,A22965
Q4-2017,20,11/11/2017,A26204
Q2-2018,57.44,6/21/2018,A35352
Q2-2016,20,5/15/2016,A32135
Q4-2016,30,11/15/2016,A3415
Q3-2018,200,7/25/2018,A5549
Q4-2018,20,10/5/2018,A26454
Q1-2019,20,1/28/2019,A14724
Q3-2018,20,7/29/2018,A14724
Q3-2018,20,9/28/2018,A14724
Q3-2018,20,8/28/2018,A14724
Q4-2018,20,12/28/2018,A14724
Q2-2017,100,5/2/2017,A14724
Q4-2018,20,11/28/2018,A14724
Q4-2018,20,10/28/2018,A14724
Q4-2017,12,10/10/2017,A1220
Q2-2016,19.3,5/15/2016,A1220
Q3-2017,11.43,8/23/2017,A1220
Q3-2017,9,8/31/2017,A1220
Q1-2017,7.45,1/23/2017,A1220
Q4-2016,10.62,10/15/2016,A1220
Q2-2018,50,6/15/2018,A30713
Q2-2016,50,6/15/2016,A7988
Q2-2016,50,6/15/2016,A6439
Q2-2016,50,6/15/2016,A3225
Q2-2016,50,6/15/2016,A21892
Q2-2016,50,6/15/2016,A32942
Q1-2017,8.75,2/3/2017,A30114
Q2-2018,105,5/23/2018,A12029
Q2-2018,105,5/23/2018,A29816
Q2-2018,105,5/23/2018,A10020
Q2-2018,105,5/23/2018,A35514
Q2-2018,105,5/23/2018,A12031
Q2-2018,105,5/23/2018,A10067
Q1-2018,200,2/8/2018,A12029
Q1-2018,200,2/8/2018,A29816
Q1-2018,200,2/8/2018,A10020
Q1-2018,200,2/8/2018,A35514
Q1-2018,200,2/8/2018,A12031
Q1-2018,200,2/8/2018,A10067
Q4-2018,155,11/5/2018,A12029
Q4-2018,155,11/5/2018,A29816
Q4-2018,155,11/5/2018,A10020
Q4-2018,155,11/5/2018,A35514
Q4-2018,155,11/5/2018,A12031
Q4-2018,155,11/5/2018,A10067
Q4-2016,25,11/15/2016,A12029
Q4-2016,25,11/15/2016,A29816
Q4-2016,25,11/15/2016,A10020
Q4-2016,25,11/15/2016,A35514
Q4-2016,25,11/15/2016,A12031
Q4-2016,25,11/15/2016,A10067
Q2-2016,150,4/15/2016,A12029
Q2-2016,150,4/15/2016,A29816
Q2-2016,150,4/15/2016,A10020
Q2-2016,150,4/15/2016,A35514
Q2-2016,150,4/15/2016,A12031
Q2-2016,150,4/15/2016,A10067
Q4-2017,500,11/10/2017,A9677
Q3-2018,20,7/5/2018,A3140
Q3-2018,20,7/5/2018,A2784
Q3-2018,20,7/5/2018,A4211
Q3-2018,20,7/5/2018,A3865
Q3-2018,20,7/5/2018,A27280
Q3-2018,20,7/5/2018,A16055
Q3-2018,20,7/5/2018,A37055
Q3-2018,20,7/5/2018,A13457
Q2-2018,6.16,5/21/2018,A26074
Q2-2018,6.16,5/21/2018,A12736
Q2-2018,6.16,5/21/2018,A9943
Q2-2018,6.16,5/21/2018,A35299
Q2-2018,6.16,5/21/2018,A18257
Q4-2018,25,11/25/2018,A26074
Q4-2018,25,11/25/2018,A12736
Q4-2018,25,11/25/2018,A9943
Q4-2018,25,11/25/2018,A35299
Q4-2018,25,11/25/2018,A18257
Q1-2019,11.32,2/25/2019,A26074
Q1-2019,11.32,2/25/2019,A12736
Q1-2019,11.32,2/25/2019,A9943
Q1-2019,11.32,2/25/2019,A35299
Q1-2019,11.32,2/25/2019,A18257
Q4-2017,20,11/28/2017,A38212
Q4-2017,50,12/18/2017,A36343
Q1-2016,30,1/15/2016,A30605
Q4-2016,18.4,11/15/2016,A31504
Q2-2016,21.42,4/15/2016,A27534
Q4-2018,25,11/21/2018,A26753
Q4-2018,25,11/21/2018,A24640
Q4-2018,25,11/21/2018,A26753
Q4-2018,25,11/21/2018,A24640
Q4-2018,5,10/25/2018,A21726
Q3-2018,5,9/25/2018,A21726
Q3-2018,15,7/25/2018,A21726
Q4-2018,5,12/26/2018,A21726
Q4-2018,5,11/25/2018,A21726
Q1-2019,5,1/26/2019,A21726
Q3-2018,5,7/25/2018,A21726
Q3-2018,5,8/25/2018,A21726
Q4-2017,100,12/2/2017,A6261
Q4-2016,100,11/15/2016,A6261
Q2-2018,250,6/19/2018,A6261
Q2-2016,7.57,6/15/2016,A3255
Q1-2016,13.54,1/15/2016,A3255
Q4-2018,25,11/21/2018,A34546
Q3-2016,30,9/15/2016,A33506
Q2-2016,50,4/15/2016,A33506
Q4-2018,254.11,11/29/2018,A33506
Q3-2016,15,8/15/2016,A33506
Q1-2019,150,1/29/2019,A33506
Q1-2016,55,2/15/2016,A33506
Q2-2017,20,4/22/2017,A32557
Q1-2016,29,2/15/2016,A32557
Q4-2017,20,11/19/2017,A10762
Q4-2017,20,11/19/2017,A4755
Q4-2016,20,10/15/2016,A35985
Q1-2016,20,1/15/2016,A35985
Q4-2016,20,11/15/2016,A35985
Q2-2016,21.42,4/15/2016,A29867
Q2-2016,21.42,4/15/2016,A24521
Q2-2018,50,6/13/2018,A27079
Q4-2018,10,11/27/2018,A25829
Q3-2018,200,8/20/2018,A25829
Q3-2018,300,8/21/2018,A25829
Q4-2017,50,12/18/2017,A10022
Q4-2018,50,11/19/2018,A32714
Q4-2018,600,12/14/2018,A25538
Q4-2018,420,12/14/2018,A25538
Q4-2016,9,11/15/2016,A31946
Q4-2018,50,10/3/2018,A7033
Q1-2019,50,1/3/2019,A7033
Q3-2018,50,8/3/2018,A7033
Q4-2018,50,12/3/2018,A7033
Q3-2018,50,9/3/2018,A7033
Q4-2018,50,11/3/2018,A7033
Q2-2017,18,5/5/2017,A30643
Q1-2017,36,1/26/2017,A30643
Q2-2016,8,5/15/2016,A30643
Q4-2017,22,11/9/2017,A30643
Q4-2017,20,11/9/2017,A30643
Q3-2017,42,9/29/2017,A30643
Q1-2016,40,1/15/2016,A30643
Q2-2017,18,5/5/2017,A30643
Q2-2017,10,5/5/2017,A30643
Q1-2018,34,2/7/2018,A30643
Q2-2017,10,5/5/2017,A30643
Q4-2017,20,11/9/2017,A30643
Q2-2017,18,5/5/2017,A30643
Q4-2018,35,10/10/2018,A30643
Q2-2017,10,5/5/2017,A30643
Q1-2018,34,2/7/2018,A30643
Q2-2018,58,4/11/2018,A30643
Q2-2018,80.91,6/16/2018,A30643
Q4-2016,10.77,11/15/2016,A37994
Q4-2016,10.77,11/15/2016,A36955
Q2-2016,8.69,5/15/2016,A37994
Q2-2016,8.69,5/15/2016,A36955
Q2-2016,25,5/15/2016,A2551
Q4-2016,10,11/15/2016,A2551
Q3-2016,25,8/15/2016,A2551
Q4-2018,50,11/22/2018,A25686
Q2-2017,10,5/3/2017,A28503
Q4-2018,180,11/20/2018,A10595
Q4-2018,180,11/20/2018,A10595
Q4-2018,50,12/27/2018,A10595
Q4-2018,180,11/20/2018,A10595
Q3-2018,50,7/25/2018,A10595
Q4-2018,50,11/27/2018,A10595
Q3-2018,50,9/27/2018,A10595
Q3-2018,50,8/27/2018,A10595
Q1-2019,50,1/27/2019,A10595
Q4-2018,50,10/27/2018,A10595
Q4-2018,180,11/20/2018,A10595
Q4-2018,180,11/20/2018,A10595
Q4-2018,17.69,11/29/2018,A39997
Q1-2018,50,2/22/2018,A27637
Q1-2018,50,2/22/2018,A30444
Q4-2018,50,10/16/2018,A27637
Q4-2018,50,10/16/2018,A30444
Q3-2018,50,7/30/2018,A27637
Q3-2018,50,7/30/2018,A30444
Q2-2018,50,4/22/2018,A27637
Q2-2018,50,4/22/2018,A30444
Q4-2018,50,12/16/2018,A27637
Q4-2018,50,12/16/2018,A30444
Q2-2018,50,5/22/2018,A27637
Q2-2018,50,5/22/2018,A30444
Q4-2018,50,11/16/2018,A27637
Q4-2018,50,11/16/2018,A30444
Q1-2018,50,3/22/2018,A27637
Q1-2018,50,3/22/2018,A30444
Q2-2017,300,5/28/2017,A27637
Q2-2017,300,5/28/2017,A30444
Q2-2018,50,6/28/2018,A27637
Q2-2018,50,6/28/2018,A30444
Q1-2018,50,1/21/2018,A27637
Q1-2018,50,1/21/2018,A30444
Q1-2019,50,1/16/2019,A27637
Q1-2019,50,1/16/2019,A30444
Q4-2017,20,11/16/2017,A13093
Q4-2018,10,11/19/2018,A39400
Q2-2016,8.69,5/15/2016,A33027
Q1-2016,14.16,2/15/2016,A29623
Q1-2016,14.16,2/15/2016,A26028
Q4-2016,100,12/15/2016,A29623
Q4-2016,100,12/15/2016,A26028
Q3-2016,8.4,9/15/2016,A8167
Q1-2016,100,3/15/2016,A32692
Q4-2018,5,10/26/2018,A23342
Q4-2018,5,10/26/2018,A31963
Q3-2018,5,9/26/2018,A23342
Q3-2018,5,9/26/2018,A31963
Q4-2018,5,12/26/2018,A23342
Q4-2018,5,12/26/2018,A31963
Q1-2019,5,1/26/2019,A23342
Q1-2019,5,1/26/2019,A31963
Q4-2018,5,11/26/2018,A23342
Q4-2018,5,11/26/2018,A31963
Q3-2018,5,7/26/2018,A23342
Q3-2018,5,7/26/2018,A31963
Q3-2018,5,8/26/2018,A23342
Q3-2018,5,8/26/2018,A31963
Q4-2017,10,11/26/2017,A37089
Q4-2016,18.21,12/15/2016,A37089
Q4-2016,12.18,11/15/2016,A37089
Q4-2017,10,11/26/2017,A37089
Q4-2017,19,11/30/2017,A31790
Q4-2017,19,11/30/2017,A28972
Q2-2016,8.69,5/15/2016,A22942
Q2-2016,8.69,5/15/2016,A8238
Q2-2016,8.69,5/15/2016,A25112
Q4-2018,500,11/7/2018,A19892
Q4-2016,14.63,12/15/2016,A8112
Q1-2016,14.33,2/15/2016,A8112
Q1-2018,35,2/9/2018,A26770
Q3-2018,15,7/25/2018,A31669
Q3-2018,15,7/25/2018,A27475
Q3-2018,15,7/25/2018,A24667
Q3-2018,15,7/25/2018,A31677
Q2-2018,25,6/12/2018,A31669
Q2-2018,25,6/12/2018,A27475
Q2-2018,25,6/12/2018,A24667
Q2-2018,25,6/12/2018,A31677
Q2-2016,100,6/15/2016,A31669
Q2-2016,100,6/15/2016,A27475
Q2-2016,100,6/15/2016,A24667
Q2-2016,100,6/15/2016,A31677
Q4-2018,140.5,11/23/2018,A31669
Q4-2018,140.5,11/23/2018,A27475
Q4-2018,140.5,11/23/2018,A24667
Q4-2018,140.5,11/23/2018,A31677
Q3-2018,481.4,7/5/2018,A31669
Q3-2018,481.4,7/5/2018,A27475
Q3-2018,481.4,7/5/2018,A24667
Q3-2018,481.4,7/5/2018,A31677
Q3-2018,294.56,8/16/2018,A31669
Q3-2018,294.56,8/16/2018,A27475
Q3-2018,294.56,8/16/2018,A24667
Q3-2018,294.56,8/16/2018,A31677
Q2-2016,6,4/15/2016,A2544
Q1-2016,3,1/15/2016,A2544
Q3-2016,6,9/15/2016,A2544
Q2-2017,3,4/30/2017,A2544
Q2-2016,6,6/15/2016,A2544
Q1-2016,6,2/15/2016,A2544
Q3-2016,6,8/15/2016,A2544
Q4-2016,6,10/15/2016,A2544
Q4-2017,700,11/28/2017,A2544
Q3-2018,200,8/15/2018,A2544
Q3-2016,6,7/15/2016,A2544
Q4-2018,50,11/25/2018,A2544
Q4-2016,6,11/15/2016,A2544
Q1-2017,6,1/30/2017,A2544
Q1-2016,6,3/15/2016,A2544
Q4-2016,6,12/15/2016,A2544
Q2-2016,6,5/15/2016,A2544
Q3-2017,19,8/3/2017,A22881
Q4-2018,200,10/4/2018,A22881
Q3-2018,80,7/9/2018,A22881
Q2-2018,85,4/13/2018,A22881
Q3-2017,90,9/8/2017,A22881
Q3-2018,110,8/10/2018,A22881
Q1-2018,160,1/31/2018,A22881
Q1-2018,100,3/4/2018,A22881
Q4-2017,92.15,11/20/2017,A22881
Q4-2017,120,10/11/2017,A22881
Q4-2016,12.27,11/15/2016,A22461
Q4-2016,12.27,11/15/2016,A38946
Q4-2016,12.27,11/15/2016,A31375
Q4-2016,12.27,11/15/2016,A15750
Q4-2016,12.27,11/15/2016,A15114
Q3-2017,8.3,8/22/2017,A22461
Q3-2017,8.3,8/22/2017,A38946
Q3-2017,8.3,8/22/2017,A31375
Q3-2017,8.3,8/22/2017,A15750
Q3-2017,8.3,8/22/2017,A15114
Q3-2018,50,8/20/2018,A10150
Q3-2018,50,8/20/2018,A24104
Q3-2018,50,8/20/2018,A37604
Q3-2018,50,8/20/2018,A7331
Q3-2018,50,8/20/2018,A33997
Q3-2018,50,8/20/2018,A635
Q3-2018,50,8/20/2018,A27497
Q3-2018,50,8/20/2018,A4040
Q3-2018,50,8/20/2018,A785
Q3-2018,50,8/20/2018,A33115
Q3-2018,50,8/20/2018,A17233
Q3-2018,50,8/20/2018,A37405
Q4-2018,29.7,12/14/2018,A2420
Q4-2018,29.7,12/14/2018,A36859
Q4-2018,29.7,12/14/2018,A29
Q4-2018,29.7,12/14/2018,A20101
Q4-2018,29.7,12/14/2018,A37209
Q4-2018,29.7,12/14/2018,A11479
Q4-2018,29.7,12/14/2018,A37951
Q4-2018,29.7,12/14/2018,A38157
Q4-2018,29.7,12/14/2018,A33273
Q4-2018,29.7,12/14/2018,A19640
Q4-2018,29.7,12/14/2018,A19377
Q4-2018,29.7,12/14/2018,A3176
Q4-2018,29.7,12/14/2018,A32308
Q2-2016,22.5,6/1/2016,A2420
Q2-2016,22.5,6/1/2016,A36859
Q2-2016,22.5,6/1/2016,A29
Q2-2016,22.5,6/1/2016,A20101
Q2-2016,22.5,6/1/2016,A37209
Q2-2016,22.5,6/1/2016,A11479
Q2-2016,22.5,6/1/2016,A37951
Q2-2016,22.5,6/1/2016,A38157
Q2-2016,22.5,6/1/2016,A33273
Q2-2016,22.5,6/1/2016,A19640
Q2-2016,22.5,6/1/2016,A19377
Q2-2016,22.5,6/1/2016,A3176
Q2-2016,22.5,6/1/2016,A32308
Q4-2016,28,11/15/2016,A2420
Q4-2016,28,11/15/2016,A36859
Q4-2016,28,11/15/2016,A29
Q4-2016,28,11/15/2016,A20101
Q4-2016,28,11/15/2016,A37209
Q4-2016,28,11/15/2016,A11479
Q4-2016,28,11/15/2016,A37951
Q4-2016,28,11/15/2016,A38157
Q4-2016,28,11/15/2016,A33273
Q4-2016,28,11/15/2016,A19640
Q4-2016,28,11/15/2016,A19377
Q4-2016,28,11/15/2016,A3176
Q4-2016,28,11/15/2016,A32308
Q1-2017,10,3/1/2017,A2420
Q1-2017,10,3/1/2017,A36859
Q1-2017,10,3/1/2017,A29
Q1-2017,10,3/1/2017,A20101
Q1-2017,10,3/1/2017,A37209
Q1-2017,10,3/1/2017,A11479
Q1-2017,10,3/1/2017,A37951
Q1-2017,10,3/1/2017,A38157
Q1-2017,10,3/1/2017,A33273
Q1-2017,10,3/1/2017,A19640
Q1-2017,10,3/1/2017,A19377
Q1-2017,10,3/1/2017,A3176
Q1-2017,10,3/1/2017,A32308
Q1-2016,10,1/15/2016,A32460
Q1-2016,10,2/15/2016,A32460
Q4-2017,20,11/20/2017,A6142
Q4-2017,20,11/20/2017,A30957
Q4-2017,20,11/20/2017,A25327
Q4-2017,20,11/20/2017,A28577
Q4-2017,50,11/10/2017,A28566
Q1-2018,20,2/8/2018,A27501
Q1-2018,20,2/8/2018,A33888
Q1-2018,20,2/8/2018,A18988
Q2-2018,25,6/21/2018,A27501
Q2-2018,25,6/21/2018,A33888
Q2-2018,25,6/21/2018,A18988
Q4-2016,9,10/15/2016,A31505
Q4-2016,6.13,11/15/2016,A29120
Q4-2016,6.13,11/15/2016,A19311
Q3-2018,8.12,9/14/2018,A31915
Q1-2016,10,1/15/2016,A1600
Q2-2016,10,5/15/2016,A1600
Q4-2018,63.82,11/29/2018,A26349
Q4-2018,27,12/21/2018,A30610
Q1-2016,20,2/15/2016,A30610
Q1-2016,13.54,1/15/2016,A14218
Q2-2016,15.48,4/15/2016,A14218
Q4-2016,29.27,12/15/2016,A14218
Q4-2016,10.62,10/15/2016,A14737
Q4-2017,20,11/11/2017,A36001
Q2-2016,50,6/15/2016,A37361
Q2-2016,50,6/15/2016,A34016
Q4-2018,10,12/15/2018,A18158
Q4-2018,10,12/15/2018,A530
Q4-2018,10,10/15/2018,A18158
Q4-2018,10,10/15/2018,A530
Q1-2019,10,1/15/2019,A18158
Q1-2019,10,1/15/2019,A530
Q4-2018,10,11/15/2018,A18158
Q4-2018,10,11/15/2018,A530
Q3-2016,11.25,9/15/2016,A35625
Q4-2016,9,11/15/2016,A35625
Q4-2016,9,10/15/2016,A35625
Q4-2017,20,11/14/2017,A17128
Q3-2018,50,7/19/2018,A29393
Q3-2018,50,7/19/2018,A17475
Q3-2018,30,9/26/2018,A13261
Q4-2018,30,11/26/2018,A13261
Q4-2018,30,10/26/2018,A13261
Q4-2018,30,12/26/2018,A13261
Q2-2017,185.3,6/4/2017,A13261
Q3-2018,30,8/26/2018,A13261
Q3-2018,30,7/26/2018,A13261
Q1-2019,30,1/26/2019,A13261
Q4-2017,10,11/22/2017,A28183
Q4-2017,10,11/22/2017,A28183
Q4-2018,20,12/27/2018,A28183
Q1-2018,20,2/13/2018,A37768
Q4-2018,100,11/29/2018,A31172
Q1-2019,1,1/28/2019,A31172
Q1-2018,1,2/11/2018,A31172
Q1-2017,1,1/8/2017,A31172
Q1-2018,1,1/14/2018,A31172
Q2-2016,1,6/15/2016,A31172
Q4-2017,5,11/28/2017,A31172
Q2-2017,1,6/30/2017,A31172
Q1-2019,1,1/31/2019,A31172
Q4-2016,5,11/15/2016,A31172
Q3-2018,100,7/31/2018,A5539
Q2-2016,30,5/15/2016,A19142
Q2-2016,30,5/15/2016,A19143
Q1-2016,50,1/15/2016,A19142
Q1-2016,50,1/15/2016,A19143
Q4-2017,50,11/22/2017,A26710
Q3-2016,50,7/15/2016,A33675
Q3-2016,50,7/15/2016,A26367
Q3-2016,50,7/15/2016,A8292
Q1-2019,7,2/28/2019,A33675
Q1-2019,7,2/28/2019,A26367
Q1-2019,7,2/28/2019,A8292
Q4-2016,100,12/15/2016,A33522
Q2-2016,51,5/15/2016,A33522
Q4-2017,75,11/26/2017,A6955
Q4-2018,75,12/26/2018,A6955
Q1-2019,75,1/26/2019,A6955
Q3-2018,75,8/26/2018,A6955
Q3-2018,75,7/26/2018,A6955
Q4-2018,75,11/26/2018,A6955
Q4-2018,75,10/26/2018,A6955
Q3-2018,75,9/26/2018,A6955
Q4-2017,11.84,11/28/2017,A37546
Q1-2017,10,1/3/2017,A32435
Q2-2017,50,5/4/2017,A4757
Q3-2018,100,7/25/2018,A24118
Q3-2018,100,7/25/2018,A20264
Q1-2018,10,2/21/2018,A38004
Q3-2017,11.43,8/23/2017,A10479
Q1-2016,3,1/15/2016,A32922
Q4-2018,23.18,10/5/2018,A32922
Q2-2016,10,4/15/2016,A32922
Q4-2016,35,11/15/2016,A32922
Q3-2018,30,8/19/2018,A37869
Q2-2018,50,6/14/2018,A27395
Q1-2018,13.83,3/20/2018,A23574
Q1-2018,13.83,3/20/2018,A37847
Q1-2018,55.68,3/20/2018,A30607
Q1-2019,50,2/8/2019,A25530
Q1-2019,50,2/8/2019,A2929
Q4-2018,50,11/26/2018,A25530
Q4-2018,50,11/26/2018,A2929
Q1-2016,50,2/15/2016,A23630
Q1-2016,50,2/15/2016,A26109
Q4-2016,15,11/15/2016,A6279
Q4-2016,15,11/15/2016,A26529
Q4-2016,15,11/15/2016,A5329
Q4-2016,15,11/15/2016,A26318
Q2-2016,100,6/15/2016,A21333
Q2-2017,70.86,5/13/2017,A21333
Q2-2016,45,4/15/2016,A17585
Q4-2015,45,12/15/2015,A17585
Q2-2016,10,6/15/2016,A30257
Q2-2018,40,6/30/2018,A7604
Q3-2018,35,8/21/2018,A19922
Q3-2018,35,8/21/2018,A26025
Q2-2018,35,6/21/2018,A19922
Q2-2018,35,6/21/2018,A26025
Q3-2018,35,7/21/2018,A19922
Q3-2018,35,7/21/2018,A26025
Q2-2018,35,5/21/2018,A19922
Q2-2018,35,5/21/2018,A26025
Q2-2018,35,4/21/2018,A19922
Q2-2018,35,4/21/2018,A26025
Q1-2016,10,2/15/2016,A26544
Q1-2016,10,2/15/2016,A22220
Q2-2016,8.69,5/15/2016,A30521
Q1-2018,50,3/20/2018,A15882
Q4-2018,35,11/27/2018,A7826
Q4-2018,35,11/27/2018,A15295
Q4-2018,35,11/27/2018,A23051
Q4-2018,35,11/27/2018,A21696
Q4-2018,35,11/27/2018,A17652
Q4-2018,35,11/27/2018,A35464
Q4-2018,35,11/27/2018,A18226
Q4-2018,35,11/27/2018,A22510
Q4-2018,35,11/27/2018,A4654
Q4-2018,35,11/27/2018,A15397
Q4-2018,35,11/27/2018,A24538
Q4-2018,35,11/27/2018,A9395
Q4-2018,35,11/27/2018,A32590
Q4-2018,35,11/27/2018,A6036
Q4-2018,35,11/27/2018,A27631
Q4-2018,35,11/27/2018,A32869
Q4-2018,35,11/27/2018,A23690
Q4-2018,35,11/27/2018,A19125
Q4-2018,35,10/27/2018,A7826
Q4-2018,35,10/27/2018,A15295
Q4-2018,35,10/27/2018,A23051
Q4-2018,35,10/27/2018,A21696
Q4-2018,35,10/27/2018,A17652
Q4-2018,35,10/27/2018,A35464
Q4-2018,35,10/27/2018,A18226
Q4-2018,35,10/27/2018,A22510
Q4-2018,35,10/27/2018,A4654
Q4-2018,35,10/27/2018,A15397
Q4-2018,35,10/27/2018,A24538
Q4-2018,35,10/27/2018,A9395
Q4-2018,35,10/27/2018,A32590
Q4-2018,35,10/27/2018,A6036
Q4-2018,35,10/27/2018,A27631
Q4-2018,35,10/27/2018,A32869
Q4-2018,35,10/27/2018,A23690
Q4-2018,35,10/27/2018,A19125
Q4-2018,35,12/27/2018,A7826
Q4-2018,35,12/27/2018,A15295
Q4-2018,35,12/27/2018,A23051
Q4-2018,35,12/27/2018,A21696
Q4-2018,35,12/27/2018,A17652
Q4-2018,35,12/27/2018,A35464
Q4-2018,35,12/27/2018,A18226
Q4-2018,35,12/27/2018,A22510
Q4-2018,35,12/27/2018,A4654
Q4-2018,35,12/27/2018,A15397
Q4-2018,35,12/27/2018,A24538
Q4-2018,35,12/27/2018,A9395
Q4-2018,35,12/27/2018,A32590
Q4-2018,35,12/27/2018,A6036
Q4-2018,35,12/27/2018,A27631
Q4-2018,35,12/27/2018,A32869
Q4-2018,35,12/27/2018,A23690
Q4-2018,35,12/27/2018,A19125
Q4-2018,25,11/19/2018,A7826
Q4-2018,25,11/19/2018,A15295
Q4-2018,25,11/19/2018,A23051
Q4-2018,25,11/19/2018,A21696
Q4-2018,25,11/19/2018,A17652
Q4-2018,25,11/19/2018,A35464
Q4-2018,25,11/19/2018,A18226
Q4-2018,25,11/19/2018,A22510
Q4-2018,25,11/19/2018,A4654
Q4-2018,25,11/19/2018,A15397
Q4-2018,25,11/19/2018,A24538
Q4-2018,25,11/19/2018,A9395
Q4-2018,25,11/19/2018,A32590
Q4-2018,25,11/19/2018,A6036
Q4-2018,25,11/19/2018,A27631
Q4-2018,25,11/19/2018,A32869
Q4-2018,25,11/19/2018,A23690
Q4-2018,25,11/19/2018,A19125
Q1-2019,35,1/27/2019,A7826
Q1-2019,35,1/27/2019,A15295
Q1-2019,35,1/27/2019,A23051
Q1-2019,35,1/27/2019,A21696
Q1-2019,35,1/27/2019,A17652
Q1-2019,35,1/27/2019,A35464
Q1-2019,35,1/27/2019,A18226
Q1-2019,35,1/27/2019,A22510
Q1-2019,35,1/27/2019,A4654
Q1-2019,35,1/27/2019,A15397
Q1-2019,35,1/27/2019,A24538
Q1-2019,35,1/27/2019,A9395
Q1-2019,35,1/27/2019,A32590
Q1-2019,35,1/27/2019,A6036
Q1-2019,35,1/27/2019,A27631
Q1-2019,35,1/27/2019,A32869
Q1-2019,35,1/27/2019,A23690
Q1-2019,35,1/27/2019,A19125
Q4-2016,5.15,12/15/2016,A30941
Q3-2016,20,8/15/2016,A16060
Q3-2016,20,8/15/2016,A33067
Q3-2016,20,8/15/2016,A26682
Q3-2016,20,8/15/2016,A24372
Q3-2016,20,8/15/2016,A29981
Q3-2016,20,8/15/2016,A30055
Q3-2016,20,8/15/2016,A16915
Q3-2016,20,8/15/2016,A30447
Q3-2016,20,8/15/2016,A16640
Q3-2016,20,8/15/2016,A38005
Q3-2018,20,8/9/2018,A37077
Q3-2018,20,8/9/2018,A19294
Q3-2018,20,8/9/2018,A32334
Q3-2018,20,8/9/2018,A32188
Q3-2018,20,8/9/2018,A5401
Q3-2018,20,8/9/2018,A18408
Q3-2018,20,8/9/2018,A8429
Q3-2018,20,8/9/2018,A12500
Q3-2018,20,8/9/2018,A37598
Q3-2018,20,8/9/2018,A38210
Q3-2018,20,8/9/2018,A32148
Q3-2018,20,8/9/2018,A37056
Q3-2018,20,8/9/2018,A27937
Q3-2018,20,8/9/2018,A25881
Q3-2018,20,8/9/2018,A4359
Q3-2018,20,8/9/2018,A2398
Q3-2018,20,8/9/2018,A19197
Q3-2018,20,8/9/2018,A9098
Q3-2018,20,8/9/2018,A33426
Q3-2018,20,8/9/2018,A811
Q3-2018,20,8/9/2018,A20157
Q3-2018,20,8/9/2018,A5271
Q3-2018,20,8/9/2018,A27423
Q3-2018,20,8/9/2018,A12468
Q3-2018,20,8/9/2018,A14311
Q4-2016,10.62,11/15/2016,A37077
Q4-2016,10.62,11/15/2016,A19294
Q4-2016,10.62,11/15/2016,A32334
Q4-2016,10.62,11/15/2016,A32188
Q4-2016,10.62,11/15/2016,A5401
Q4-2016,10.62,11/15/2016,A18408
Q4-2016,10.62,11/15/2016,A8429
Q4-2016,10.62,11/15/2016,A12500
Q4-2016,10.62,11/15/2016,A37598
Q4-2016,10.62,11/15/2016,A38210
Q4-2016,10.62,11/15/2016,A32148
Q4-2016,10.62,11/15/2016,A37056
Q4-2016,10.62,11/15/2016,A27937
Q4-2016,10.62,11/15/2016,A25881
Q4-2016,10.62,11/15/2016,A4359
Q4-2016,10.62,11/15/2016,A2398
Q4-2016,10.62,11/15/2016,A19197
Q4-2016,10.62,11/15/2016,A9098
Q4-2016,10.62,11/15/2016,A33426
Q4-2016,10.62,11/15/2016,A811
Q4-2016,10.62,11/15/2016,A20157
Q4-2016,10.62,11/15/2016,A5271
Q4-2016,10.62,11/15/2016,A27423
Q4-2016,10.62,11/15/2016,A12468
Q4-2016,10.62,11/15/2016,A14311
Q1-2017,10,3/1/2017,A37077
Q1-2017,10,3/1/2017,A19294
Q1-2017,10,3/1/2017,A32334
Q1-2017,10,3/1/2017,A32188
Q1-2017,10,3/1/2017,A5401
Q1-2017,10,3/1/2017,A18408
Q1-2017,10,3/1/2017,A8429
Q1-2017,10,3/1/2017,A12500
Q1-2017,10,3/1/2017,A37598
Q1-2017,10,3/1/2017,A38210
Q1-2017,10,3/1/2017,A32148
Q1-2017,10,3/1/2017,A37056
Q1-2017,10,3/1/2017,A27937
Q1-2017,10,3/1/2017,A25881
Q1-2017,10,3/1/2017,A4359
Q1-2017,10,3/1/2017,A2398
Q1-2017,10,3/1/2017,A19197
Q1-2017,10,3/1/2017,A9098
Q1-2017,10,3/1/2017,A33426
Q1-2017,10,3/1/2017,A811
Q1-2017,10,3/1/2017,A20157
Q1-2017,10,3/1/2017,A5271
Q1-2017,10,3/1/2017,A27423
Q1-2017,10,3/1/2017,A12468
Q1-2017,10,3/1/2017,A14311
Q4-2018,50,11/26/2018,A37077
Q4-2018,50,11/26/2018,A19294
Q4-2018,50,11/26/2018,A32334
Q4-2018,50,11/26/2018,A32188
Q4-2018,50,11/26/2018,A5401
Q4-2018,50,11/26/2018,A18408
Q4-2018,50,11/26/2018,A8429
Q4-2018,50,11/26/2018,A12500
Q4-2018,50,11/26/2018,A37598
Q4-2018,50,11/26/2018,A38210
Q4-2018,50,11/26/2018,A32148
Q4-2018,50,11/26/2018,A37056
Q4-2018,50,11/26/2018,A27937
Q4-2018,50,11/26/2018,A25881
Q4-2018,50,11/26/2018,A4359
Q4-2018,50,11/26/2018,A2398
Q4-2018,50,11/26/2018,A19197
Q4-2018,50,11/26/2018,A9098
Q4-2018,50,11/26/2018,A33426
Q4-2018,50,11/26/2018,A811
Q4-2018,50,11/26/2018,A20157
Q4-2018,50,11/26/2018,A5271
Q4-2018,50,11/26/2018,A27423
Q4-2018,50,11/26/2018,A12468
Q4-2018,50,11/26/2018,A14311
Q4-2018,15.3,11/17/2018,A37077
Q4-2018,15.3,11/17/2018,A19294
Q4-2018,15.3,11/17/2018,A32334
Q4-2018,15.3,11/17/2018,A32188
Q4-2018,15.3,11/17/2018,A5401
Q4-2018,15.3,11/17/2018,A18408
Q4-2018,15.3,11/17/2018,A8429
Q4-2018,15.3,11/17/2018,A12500
Q4-2018,15.3,11/17/2018,A37598
Q4-2018,15.3,11/17/2018,A38210
Q4-2018,15.3,11/17/2018,A32148
Q4-2018,15.3,11/17/2018,A37056
Q4-2018,15.3,11/17/2018,A27937
Q4-2018,15.3,11/17/2018,A25881
Q4-2018,15.3,11/17/2018,A4359
Q4-2018,15.3,11/17/2018,A2398
Q4-2018,15.3,11/17/2018,A19197
Q4-2018,15.3,11/17/2018,A9098
Q4-2018,15.3,11/17/2018,A33426
Q4-2018,15.3,11/17/2018,A811
Q4-2018,15.3,11/17/2018,A20157
Q4-2018,15.3,11/17/2018,A5271
Q4-2018,15.3,11/17/2018,A27423
Q4-2018,15.3,11/17/2018,A12468
Q4-2018,15.3,11/17/2018,A14311
Q3-2016,8.4,9/15/2016,A37077
Q3-2016,8.4,9/15/2016,A19294
Q3-2016,8.4,9/15/2016,A32334
Q3-2016,8.4,9/15/2016,A32188
Q3-2016,8.4,9/15/2016,A5401
Q3-2016,8.4,9/15/2016,A18408
Q3-2016,8.4,9/15/2016,A8429
Q3-2016,8.4,9/15/2016,A12500
Q3-2016,8.4,9/15/2016,A37598
Q3-2016,8.4,9/15/2016,A38210
Q3-2016,8.4,9/15/2016,A32148
Q3-2016,8.4,9/15/2016,A37056
Q3-2016,8.4,9/15/2016,A27937
Q3-2016,8.4,9/15/2016,A25881
Q3-2016,8.4,9/15/2016,A4359
Q3-2016,8.4,9/15/2016,A2398
Q3-2016,8.4,9/15/2016,A19197
Q3-2016,8.4,9/15/2016,A9098
Q3-2016,8.4,9/15/2016,A33426
Q3-2016,8.4,9/15/2016,A811
Q3-2016,8.4,9/15/2016,A20157
Q3-2016,8.4,9/15/2016,A5271
Q3-2016,8.4,9/15/2016,A27423
Q3-2016,8.4,9/15/2016,A12468
Q3-2016,8.4,9/15/2016,A14311
Q3-2018,35.07,8/9/2018,A37077
Q3-2018,35.07,8/9/2018,A19294
Q3-2018,35.07,8/9/2018,A32334
Q3-2018,35.07,8/9/2018,A32188
Q3-2018,35.07,8/9/2018,A5401
Q3-2018,35.07,8/9/2018,A18408
Q3-2018,35.07,8/9/2018,A8429
Q3-2018,35.07,8/9/2018,A12500
Q3-2018,35.07,8/9/2018,A37598
Q3-2018,35.07,8/9/2018,A38210
Q3-2018,35.07,8/9/2018,A32148
Q3-2018,35.07,8/9/2018,A37056
Q3-2018,35.07,8/9/2018,A27937
Q3-2018,35.07,8/9/2018,A25881
Q3-2018,35.07,8/9/2018,A4359
Q3-2018,35.07,8/9/2018,A2398
Q3-2018,35.07,8/9/2018,A19197
Q3-2018,35.07,8/9/2018,A9098
Q3-2018,35.07,8/9/2018,A33426
Q3-2018,35.07,8/9/2018,A811
Q3-2018,35.07,8/9/2018,A20157
Q3-2018,35.07,8/9/2018,A5271
Q3-2018,35.07,8/9/2018,A27423
Q3-2018,35.07,8/9/2018,A12468
Q3-2018,35.07,8/9/2018,A14311
Q4-2017,41.77,11/28/2017,A26146
Q4-2017,41.77,11/28/2017,A8942
Q4-2017,41.77,11/28/2017,A26147
Q4-2017,41.77,11/28/2017,A20138
Q4-2017,41.77,11/28/2017,A28093
Q4-2017,41.77,11/28/2017,A3195
Q4-2017,41.77,11/28/2017,A32740
Q4-2017,41.77,11/28/2017,A30801
Q4-2017,50,11/25/2017,A26146
Q4-2017,50,11/25/2017,A8942
Q4-2017,50,11/25/2017,A26147
Q4-2017,50,11/25/2017,A20138
Q4-2017,50,11/25/2017,A28093
Q4-2017,50,11/25/2017,A3195
Q4-2017,50,11/25/2017,A32740
Q4-2017,50,11/25/2017,A30801
Q3-2017,9,8/31/2017,A11283
Q2-2016,8.69,5/15/2016,A2967
Q2-2016,8.69,5/15/2016,A13828
Q2-2016,8.69,5/15/2016,A10381
Q2-2016,8.69,5/15/2016,A32371
Q4-2016,21.54,11/15/2016,A2967
Q4-2016,21.54,11/15/2016,A13828
Q4-2016,21.54,11/15/2016,A10381
Q4-2016,21.54,11/15/2016,A32371
Q2-2017,50,4/27/2017,A2967
Q2-2017,50,4/27/2017,A13828
Q2-2017,50,4/27/2017,A10381
Q2-2017,50,4/27/2017,A32371
Q3-2018,15,9/28/2018,A33757
Q3-2018,15,9/28/2018,A9469
Q3-2018,15,9/28/2018,A15605
Q3-2018,15,9/28/2018,A220
Q3-2018,15,9/28/2018,A21790
Q3-2018,15,9/28/2018,A32689
Q3-2018,15,9/28/2018,A13345
Q3-2018,15,9/28/2018,A34877
Q3-2018,15,9/28/2018,A40125
Q3-2018,15,9/28/2018,A7446
Q4-2018,15,12/28/2018,A33757
Q4-2018,15,12/28/2018,A9469
Q4-2018,15,12/28/2018,A15605
Q4-2018,15,12/28/2018,A220
Q4-2018,15,12/28/2018,A21790
Q4-2018,15,12/28/2018,A32689
Q4-2018,15,12/28/2018,A13345
Q4-2018,15,12/28/2018,A34877
Q4-2018,15,12/28/2018,A40125
Q4-2018,15,12/28/2018,A7446
Q1-2019,15,1/28/2019,A33757
Q1-2019,15,1/28/2019,A9469
Q1-2019,15,1/28/2019,A15605
Q1-2019,15,1/28/2019,A220
Q1-2019,15,1/28/2019,A21790
Q1-2019,15,1/28/2019,A32689
Q1-2019,15,1/28/2019,A13345
Q1-2019,15,1/28/2019,A34877
Q1-2019,15,1/28/2019,A40125
Q1-2019,15,1/28/2019,A7446
Q4-2018,15,11/28/2018,A33757
Q4-2018,15,11/28/2018,A9469
Q4-2018,15,11/28/2018,A15605
Q4-2018,15,11/28/2018,A220
Q4-2018,15,11/28/2018,A21790
Q4-2018,15,11/28/2018,A32689
Q4-2018,15,11/28/2018,A13345
Q4-2018,15,11/28/2018,A34877
Q4-2018,15,11/28/2018,A40125
Q4-2018,15,11/28/2018,A7446
Q3-2018,15,8/28/2018,A33757
Q3-2018,15,8/28/2018,A9469
Q3-2018,15,8/28/2018,A15605
Q3-2018,15,8/28/2018,A220
Q3-2018,15,8/28/2018,A21790
Q3-2018,15,8/28/2018,A32689
Q3-2018,15,8/28/2018,A13345
Q3-2018,15,8/28/2018,A34877
Q3-2018,15,8/28/2018,A40125
Q3-2018,15,8/28/2018,A7446
Q4-2018,15,10/28/2018,A33757
Q4-2018,15,10/28/2018,A9469
Q4-2018,15,10/28/2018,A15605
Q4-2018,15,10/28/2018,A220
Q4-2018,15,10/28/2018,A21790
Q4-2018,15,10/28/2018,A32689
Q4-2018,15,10/28/2018,A13345
Q4-2018,15,10/28/2018,A34877
Q4-2018,15,10/28/2018,A40125
Q4-2018,15,10/28/2018,A7446
Q3-2018,15,7/28/2018,A33757
Q3-2018,15,7/28/2018,A9469
Q3-2018,15,7/28/2018,A15605
Q3-2018,15,7/28/2018,A220
Q3-2018,15,7/28/2018,A21790
Q3-2018,15,7/28/2018,A32689
Q3-2018,15,7/28/2018,A13345
Q3-2018,15,7/28/2018,A34877
Q3-2018,15,7/28/2018,A40125
Q3-2018,15,7/28/2018,A7446
Q1-2019,3.5,2/28/2019,A38742
Q1-2019,3.5,2/28/2019,A28252
Q4-2016,100,10/15/2016,A20979
Q1-2018,50,1/24/2018,A20979
Q1-2017,50,2/26/2017,A20979
Q4-2018,20,12/27/2018,A4582
Q4-2018,20,12/27/2018,A22897
Q4-2018,10,11/27/2018,A4582
Q4-2018,10,11/27/2018,A22897
Q3-2018,10,7/26/2018,A4582
Q3-2018,10,7/26/2018,A22897
Q3-2018,10,8/26/2018,A4582
Q3-2018,10,8/26/2018,A22897
Q4-2018,10,10/26/2018,A4582
Q4-2018,10,10/26/2018,A22897
Q1-2019,20,1/27/2019,A4582
Q1-2019,20,1/27/2019,A22897
Q3-2018,10,9/26/2018,A4582
Q3-2018,10,9/26/2018,A22897
Q2-2016,7.42,6/15/2016,A37484
Q2-2016,7.42,6/15/2016,A33832
Q4-2017,10,11/21/2017,A37484
Q4-2017,10,11/21/2017,A33832
Q4-2016,14.42,11/15/2016,A37484
Q4-2016,14.42,11/15/2016,A33832
Q2-2018,30,6/15/2018,A28856
Q2-2017,40,5/1/2017,A28856
Q4-2018,202.55,11/29/2018,A28039
Q4-2018,15.24,10/5/2018,A28039
Q2-2017,130,5/20/2017,A28039
Q3-2018,325,7/16/2018,A28039
Q1-2018,31,2/24/2018,A28039
Q4-2017,118,11/18/2017,A28039
Q2-2018,107,5/6/2018,A28039
Q4-2018,12.95,10/5/2018,A28038
Q2-2018,91,4/22/2018,A28038
Q4-2018,76.58,11/29/2018,A28038
Q3-2018,85.87,7/15/2018,A28038
Q4-2015,15,12/15/2015,A33791
Q3-2018,50,7/25/2018,A33791
Q4-2018,22.59,11/29/2018,A33791
Q4-2016,20,11/15/2016,A33791
Q2-2016,20,6/15/2016,A33791
Q4-2017,23.67,11/28/2017,A33791
Q4-2017,40,10/2/2017,A33791
Q4-2016,24.53,11/15/2016,A33269
Q3-2018,15,7/26/2018,A11158
Q3-2018,15,7/26/2018,A14015
Q3-2017,10,9/9/2017,A11158
Q3-2017,10,9/9/2017,A14015
Q1-2017,8.75,2/3/2017,A9414
Q1-2018,105,2/8/2018,A24877
Q2-2018,80,6/10/2018,A20244
Q2-2018,80,6/10/2018,A17843
Q4-2017,41.77,11/28/2017,A29690
Q4-2018,5.74,10/23/2018,A39900
Q4-2018,5.74,10/23/2018,A39900
Q2-2018,23.09,5/21/2018,A26365
Q2-2018,30,6/2/2018,A25592
Q3-2018,30,9/8/2018,A25592
Q4-2018,110,11/8/2018,A25592
Q2-2017,35,5/4/2017,A25592
Q2-2018,47,6/3/2018,A25592
Q2-2017,50,5/4/2017,A25592
Q4-2016,10,11/15/2016,A25592
Q3-2018,15,8/24/2018,A25592
Q3-2018,14,8/30/2018,A25592
Q2-2018,5,6/21/2018,A29609
Q3-2017,0.8,8/22/2017,A31951
Q2-2018,10,4/7/2018,A38345
Q4-2018,100,11/30/2018,A6058
Q4-2018,35,11/30/2018,A6058
Q3-2018,300,8/5/2018,A31458
Q1-2016,5,1/15/2016,A31458
Q1-2016,5,2/15/2016,A31458
Q2-2016,10,6/15/2016,A31136
Q2-2018,15,5/18/2018,A37376
Q1-2019,30,2/28/2019,A19599
Q4-2018,50,11/18/2018,A19599
Q3-2018,35,9/18/2018,A19599
Q4-2018,30,11/30/2018,A19599
Q3-2018,30,8/30/2018,A19599
Q4-2018,30,10/29/2018,A19599
Q3-2018,30,9/28/2018,A19599
Q3-2018,50,8/18/2018,A19599
Q1-2018,65,3/4/2018,A19599
Q3-2018,35,8/18/2018,A19599
Q3-2018,30,8/1/2018,A19599
Q4-2018,35,11/18/2018,A19599
Q4-2018,50,12/18/2018,A19599
Q1-2019,30,1/28/2019,A19599
Q1-2019,50,1/18/2019,A19599
Q4-2018,30,12/26/2018,A19599
Q1-2019,35,1/18/2019,A19599
Q4-2018,50,10/18/2018,A19599
Q3-2018,50,9/18/2018,A19599
Q4-2018,35,10/18/2018,A19599
Q4-2018,35,12/18/2018,A19599
Q1-2017,7.45,1/23/2017,A31907
Q2-2018,15,5/18/2018,A31907
Q3-2016,98.81,7/15/2016,A31907
Q4-2016,10.62,10/15/2016,A31907
Q4-2017,20,11/22/2017,A17380
Q4-2018,112.94,11/29/2018,A28074
Q1-2018,120,3/3/2018,A28074
Q2-2016,28,6/15/2016,A28074
Q4-2016,21.9,11/15/2016,A28074
Q2-2017,10,5/3/2017,A28074
Q4-2017,50,11/25/2017,A28074
Q2-2017,30,5/3/2017,A28074
Q2-2017,40,5/3/2017,A28074
Q1-2019,50,1/25/2019,A28308
Q2-2017,100,5/2/2017,A28308
Q4-2016,100,11/15/2016,A28308
Q4-2018,50,11/25/2018,A28308
Q3-2018,50,9/25/2018,A28308
Q4-2018,50,10/25/2018,A28308
Q4-2018,50,12/25/2018,A28308
Q3-2018,50,8/25/2018,A28308
Q2-2018,250,6/13/2018,A28308
Q3-2018,50,7/25/2018,A28308
Q4-2017,20,11/22/2017,A10804
Q4-2017,20,11/22/2017,A26552
Q1-2016,10,1/15/2016,A10804
Q1-2016,10,1/15/2016,A26552
Q2-2017,50,5/9/2017,A19753
Q4-2018,50,11/19/2018,A19753
Q4-2018,50,11/19/2018,A19753
Q3-2018,100,9/25/2018,A19753
Q4-2018,50,11/19/2018,A19753
Q2-2018,50,4/20/2018,A19753
Q4-2017,15,11/11/2017,A19898
Q1-2016,10,1/15/2016,A13926
Q4-2018,10,11/29/2018,A38312
Q1-2019,7,2/28/2019,A2517
Q2-2017,13,5/3/2017,A2517
Q1-2016,20,1/15/2016,A28873
Q4-2018,17.69,11/29/2018,A39998
Q4-2018,17.69,11/29/2018,A35568
Q4-2018,17.69,11/29/2018,A17959
Q3-2018,20,7/26/2018,A38896
Q2-2018,20,4/7/2018,A31433
Q3-2018,20,7/27/2018,A26245
Q3-2018,15,8/26/2018,A8681
Q3-2018,15,8/26/2018,A2925
Q4-2018,7.5,11/22/2018,A10434
Q4-2017,50,11/28/2017,A37045
Q4-2017,50,11/28/2017,A4859
Q4-2018,10,11/29/2018,A37045
Q4-2018,10,11/29/2018,A4859
Q2-2018,10,4/7/2018,A37045
Q2-2018,10,4/7/2018,A4859
Q2-2016,10,6/15/2016,A26986
Q2-2018,10,4/15/2018,A38697
Q2-2018,10,4/15/2018,A34952
Q2-2018,15,5/18/2018,A2620
Q2-2018,15,5/18/2018,A29481
Q3-2017,9,8/31/2017,A2620
Q3-2017,9,8/31/2017,A29481
Q2-2016,8,4/15/2016,A2620
Q2-2016,8,4/15/2016,A29481
Q3-2018,25,7/6/2018,A28595
Q3-2018,25,7/6/2018,A11092
Q2-2018,35,4/20/2018,A28995
Q2-2018,35,6/20/2018,A28995
Q2-2018,35,5/20/2018,A28995
Q4-2018,35,11/20/2018,A28995
Q3-2018,35,7/20/2018,A28995
Q1-2019,35,1/20/2019,A28995
Q3-2018,35,8/20/2018,A28995
Q3-2018,35,9/20/2018,A28995
Q4-2018,35,10/20/2018,A28995
Q4-2018,35,12/20/2018,A28995
Q2-2018,20,6/6/2018,A37432
Q3-2017,100,7/19/2017,A33321
Q4-2016,200,11/15/2016,A33321
Q2-2017,200,4/22/2017,A33321
Q4-2016,14.42,11/15/2016,A27947
Q3-2017,16,8/3/2017,E00002
Q2-2017,50,5/4/2017,A248
Q4-2016,50,11/15/2016,A248
Q3-2018,20,7/16/2018,A6891
Q2-2016,50,4/15/2016,A6891
Q3-2018,50,7/31/2018,A26163
Q2-2016,100,6/15/2016,A27126
Q2-2017,200,4/29/2017,A27126
Q4-2016,20,11/15/2016,A16404
Q4-2018,11.27,12/14/2018,A31020
Q3-2018,10,7/26/2018,A31020
Q4-2016,50,11/15/2016,A31020
Q4-2017,11.84,11/28/2017,A31020
Q3-2017,100,7/5/2017,A31020
Q2-2017,50,4/27/2017,A37201
Q2-2018,9,4/17/2018,A40002
Q3-2018,20,8/27/2018,A7525
Q3-2018,20,8/27/2018,A8889
Q3-2018,20,8/27/2018,A24034
Q3-2018,20,8/27/2018,A1811
Q4-2018,20,10/27/2018,A7525
Q4-2018,20,10/27/2018,A8889
Q4-2018,20,10/27/2018,A24034
Q4-2018,20,10/27/2018,A1811
Q4-2018,20,11/27/2018,A7525
Q4-2018,20,11/27/2018,A8889
Q4-2018,20,11/27/2018,A24034
Q4-2018,20,11/27/2018,A1811
Q3-2018,20,7/27/2018,A7525
Q3-2018,20,7/27/2018,A8889
Q3-2018,20,7/27/2018,A24034
Q3-2018,20,7/27/2018,A1811
Q1-2019,20,1/27/2019,A7525
Q1-2019,20,1/27/2019,A8889
Q1-2019,20,1/27/2019,A24034
Q1-2019,20,1/27/2019,A1811
Q3-2018,20,9/27/2018,A7525
Q3-2018,20,9/27/2018,A8889
Q3-2018,20,9/27/2018,A24034
Q3-2018,20,9/27/2018,A1811
Q4-2018,20,12/27/2018,A7525
Q4-2018,20,12/27/2018,A8889
Q4-2018,20,12/27/2018,A24034
Q4-2018,20,12/27/2018,A1811
Q4-2018,50,11/11/2018,A23183
Q1-2016,15,2/15/2016,A31685
Q1-2016,10,3/15/2016,A31685
Q3-2017,11.43,8/23/2017,A9461
Q3-2017,11.43,8/23/2017,A3990
Q2-2017,13,5/3/2017,A9461
Q2-2017,13,5/3/2017,A3990
Q1-2016,20,1/15/2016,A27656
Q2-2017,100,5/1/2017,A18000
Q3-2018,150,7/25/2018,A18000
Q3-2017,45,9/16/2017,A25277
Q3-2018,40,9/2/2018,A20998
Q2-2018,40,5/2/2018,A20998
Q3-2018,40,8/2/2018,A20998
Q4-2017,1000,12/2/2017,A20998
Q1-2019,40,3/3/2019,A20998
Q4-2017,40,12/2/2017,A20998
Q2-2018,40,6/2/2018,A20998
Q2-2018,40,4/2/2018,A20998
Q4-2018,40,10/2/2018,A20998
Q1-2018,40,2/2/2018,A20998
Q1-2018,40,1/2/2018,A20998
Q3-2018,40,7/2/2018,A20998
Q4-2018,40,11/2/2018,A20998
Q4-2018,40,12/2/2018,A20998
Q1-2019,40,1/2/2019,A20998
Q1-2019,40,2/2/2019,A20998
Q1-2018,40,3/2/2018,A20998
Q3-2017,6.4,8/22/2017,A37972
Q3-2017,6.4,8/22/2017,A32201
Q3-2017,6.4,8/22/2017,A35930
Q3-2017,6.4,8/22/2017,A3749
Q3-2018,50,8/12/2018,A14385
Q3-2018,50,8/12/2018,A33659
Q3-2018,50,8/12/2018,A12802
Q3-2018,50,8/12/2018,A33711
Q3-2018,50,8/12/2018,A8173
Q3-2018,50,8/12/2018,A19451
Q3-2018,50,8/12/2018,A25850
Q3-2018,50,8/12/2018,A8841
Q3-2018,50,8/12/2018,A2131
Q3-2018,50,8/12/2018,A33712
Q3-2018,50,8/12/2018,A33279
Q1-2018,20,1/24/2018,A31230
Q4-2017,20,11/12/2017,A31230
Q1-2019,50,1/24/2019,A31230
Q3-2018,50,7/24/2018,A31230
Q1-2018,15,1/24/2018,A31230
Q4-2017,15,11/12/2017,A31230
Q2-2018,20,6/21/2018,A38861
Q2-2018,20,6/21/2018,A31707
Q2-2018,20,6/21/2018,A20405
Q2-2018,20,6/21/2018,A18109
Q2-2018,20,6/21/2018,A7344
Q2-2018,20,6/21/2018,A10659
Q2-2018,20,6/21/2018,A17602
Q2-2018,20,6/21/2018,A6873
Q2-2018,20,6/21/2018,A10275
Q2-2018,20,6/21/2018,A32011
Q4-2018,10,11/29/2018,A37084
Q4-2018,10,11/29/2018,A14022
Q4-2018,10,11/29/2018,A1306
Q4-2018,10,11/29/2018,A5620
Q4-2018,10,11/29/2018,A13236
Q4-2018,10,11/29/2018,A31018
Q4-2018,10,11/29/2018,A32051
Q4-2018,10,11/29/2018,A2567
Q4-2018,10,11/29/2018,A23637
Q4-2018,10,11/29/2018,A34798
Q4-2018,15,11/26/2018,A37612
Q3-2018,15,7/25/2018,A37612
Q3-2018,15,9/25/2018,A37612
Q4-2018,15,10/26/2018,A37612
Q1-2019,15,1/26/2019,A37612
Q4-2018,15,12/26/2018,A37612
Q3-2018,15,8/25/2018,A37612
Q2-2016,10,5/15/2016,A30789
Q2-2016,10,5/15/2016,A29103
Q2-2016,10,5/15/2016,A23266
Q3-2017,9,8/31/2017,A30789
Q3-2017,9,8/31/2017,A29103
Q3-2017,9,8/31/2017,A23266
Q1-2016,20,2/15/2016,A26676
Q1-2016,10,2/15/2016,A34238
Q4-2016,9,11/15/2016,A34238
Q3-2017,10.62,7/26/2017,A34238
Q4-2016,9,10/15/2016,A34238
Q3-2016,4,8/15/2016,A34238
Q2-2016,40,4/15/2016,A34238
Q2-2018,35,6/21/2018,A22883
Q4-2018,35,10/21/2018,A22883
Q4-2018,35,12/21/2018,A22883
Q3-2018,35,9/21/2018,A22883
Q1-2019,35,1/21/2019,A22883
Q3-2018,35,7/21/2018,A22883
Q2-2018,35,5/21/2018,A22883
Q3-2018,35,8/21/2018,A22883
Q2-2018,35,4/21/2018,A22883
Q4-2018,35,11/21/2018,A22883
Q4-2017,20,11/13/2017,A3579
Q4-2016,5.15,12/15/2016,A3579
Q1-2017,8.75,2/3/2017,A3579
Q4-2017,20,12/29/2017,A7364
Q2-2018,50,6/2/2018,A4832
Q4-2018,25,11/17/2018,A4832
Q2-2018,100,6/30/2018,A4832
Q4-2018,175,12/16/2018,A33055
Q3-2017,10.62,7/26/2017,A33055
Q1-2016,14.33,2/15/2016,A31016
Q1-2016,13.54,1/15/2016,A31016
Q4-2016,14.81,10/15/2016,A31016
Q2-2016,60,6/15/2016,A26248
Q2-2016,40,4/15/2016,A26248
Q4-2018,25,11/10/2018,A26248
Q1-2018,49.99,1/13/2018,A26248
Q1-2016,30,3/15/2016,A26248
Q2-2016,50,6/15/2016,A24902
Q4-2017,30,11/22/2017,A24902
Q3-2018,100,7/25/2018,A30936
Q2-2016,20,6/15/2016,A37066
Q4-2018,100,12/28/2018,A29582
Q3-2018,20,7/26/2018,A32681
Q4-2016,60,12/15/2016,A31738
Q2-2018,25,4/13/2018,A35199
Q2-2016,8,4/15/2016,A26979
Q4-2016,10.66,10/15/2016,A26979
Q2-2018,140,6/18/2018,A26979
Q2-2017,82,6/2/2017,A26979
Q3-2018,8.2,9/14/2018,A26979
Q4-2017,46.25,11/28/2017,A26979
Q2-2017,82,6/1/2017,A26979
Q1-2018,40,2/9/2018,A26979
Q1-2018,85,2/1/2018,A26979
Q2-2017,82,6/2/2017,A26979
Q3-2017,9,8/31/2017,A26979
Q3-2016,22.83,7/15/2016,A26979
Q1-2018,10,2/8/2018,A26979
Q4-2017,92.5,11/28/2017,A26979
Q3-2016,8.4,9/15/2016,A26979
Q1-2017,7.65,1/23/2017,A26979
Q1-2017,289,3/31/2017,A26979
Q4-2017,12,10/10/2017,A26979
Q4-2018,525,12/21/2018,A26979
Q2-2018,48,4/17/2018,A26979
Q1-2018,1,1/18/2018,A26979
Q4-2017,188,12/26/2017,A26979
Q4-2016,187,12/15/2016,A26979
Q3-2017,11.55,8/23/2017,A26979
Q1-2016,39,2/15/2016,A26979
Q4-2016,10.7,11/15/2016,A26979
Q4-2017,46.25,11/28/2017,A26979
Q1-2018,80,2/26/2018,A26979
Q2-2017,16,5/3/2017,A26979
Q1-2019,510,2/2/2019,A26979
Q2-2016,38.6,5/15/2016,A26979
Q2-2018,25,5/18/2018,A26979
Q4-2018,145,10/30/2018,A26979
Q1-2018,100,2/25/2018,A28396
Q2-2018,100,6/1/2018,A28396
Q4-2018,106,11/24/2018,A28396
Q3-2018,100,8/7/2018,A28396
Q4-2017,50.01,11/28/2017,A30260
Q4-2017,100,11/11/2017,A28556
Q2-2018,216.82,6/19/2018,A28556
Q3-2017,100,7/11/2017,A28556
Q4-2016,54.76,11/15/2016,A28556
Q1-2019,21.56,1/24/2019,A22357
Q4-2018,100,11/22/2018,A22044
Q4-2018,50,11/20/2018,A30809
Q4-2018,50,11/20/2018,A25093
Q1-2019,10,1/14/2019,A21836
Q1-2019,10,2/14/2019,A21836
Q4-2018,10,12/14/2018,A21836
Q4-2018,10,10/13/2018,A21836
Q4-2018,10,11/14/2018,A21836
Q2-2017,50,6/4/2017,A29551
Q1-2018,105,2/13/2018,A22607
Q4-2018,65,10/20/2018,A18513
Q4-2017,20,12/21/2017,A25597
Q4-2018,25,11/17/2018,A25597
Q3-2018,200,7/5/2018,A6528
Q4-2017,53.26,11/28/2017,A32446
Q4-2016,83.75,10/15/2016,A32446
Q1-2018,210,2/24/2018,A32446
Q4-2016,83.38,11/15/2016,A32446
Q4-2018,169.41,11/29/2018,A32446
Q4-2018,11.29,11/29/2018,A32446
Q4-2018,50.82,11/29/2018,A32446
Q1-2017,60,3/9/2017,A32446
Q1-2017,200,3/8/2017,A32446
Q2-2016,50,6/15/2016,A36906
Q4-2017,20,11/23/2017,A23945
Q4-2017,20,11/23/2017,A23945
Q3-2017,100,7/22/2017,A34200
Q2-2018,25,4/10/2018,A34200
Q2-2018,25,6/6/2018,A34200
Q1-2018,25,3/10/2018,A34200
Q1-2018,25,2/16/2018,A34200
Q3-2018,25,7/25/2018,A34200
Q2-2018,25,5/22/2018,A34200
Q4-2018,25,11/16/2018,A28011
Q1-2018,105,2/8/2018,A14235
Q2-2017,100,4/20/2017,A14235
Q2-2016,20,4/15/2016,A30866
Q1-2016,10,1/15/2016,A11892
Q3-2018,600,7/25/2018,A11892
Q1-2016,100,2/15/2016,A11892
Q1-2016,150,2/17/2016,A21162
Q4-2017,20,11/15/2017,A35239
Q4-2018,17.69,11/29/2018,A27733
Q3-2017,8.3,8/22/2017,A34248
Q1-2017,20,3/8/2017,A34248
Q2-2017,6.19,5/5/2017,A34248
Q1-2018,25,3/17/2018,A34303
Q3-2018,30,7/25/2018,A34491
Q2-2016,20,5/15/2016,A22874
Q1-2016,10,1/15/2016,A33093
Q1-2016,10,1/15/2016,A29863
Q1-2016,50,1/15/2016,A33093
Q1-2016,50,1/15/2016,A29863
Q4-2016,10.62,11/15/2016,A28000
Q2-2016,8,4/15/2016,A28000
Q4-2017,50,11/9/2017,A27342
Q3-2018,20,7/26/2018,A26244
Q3-2018,20,7/26/2018,A23733
Q1-2017,7.45,1/23/2017,A37205
Q3-2018,10,7/2/2018,A13154
Q1-2019,10,2/2/2019,A13154
Q1-2018,10,1/2/2018,A13154
Q1-2018,10,3/2/2018,A13154
Q1-2019,10,3/2/2019,A13154
Q2-2018,10,5/2/2018,A13154
Q4-2018,10,11/2/2018,A13154
Q4-2018,10,12/2/2018,A13154
Q4-2017,10,12/2/2017,A13154
Q3-2018,10,8/2/2018,A13154
Q4-2018,10,10/2/2018,A13154
Q2-2018,10,4/2/2018,A13154
Q1-2019,10,1/2/2019,A13154
Q2-2018,10,6/2/2018,A13154
Q1-2018,10,2/2/2018,A13154
Q3-2018,10,9/2/2018,A13154
Q4-2017,250,11/24/2017,A21781
Q4-2017,12,10/10/2017,A28085
Q1-2016,25,1/15/2016,A36323
Q3-2017,30.96,7/19/2017,A36323
Q3-2018,60,9/28/2018,A36324
Q3-2018,60,9/28/2018,A36325
Q1-2016,100,1/15/2016,A36324
Q1-2016,100,1/15/2016,A36325
Q1-2018,100,2/8/2018,A36324
Q1-2018,100,2/8/2018,A36325
Q4-2017,200,10/16/2017,A36324
Q4-2017,200,10/16/2017,A36325
Q4-2018,60,12/28/2018,A36324
Q4-2018,60,12/28/2018,A36325
Q4-2018,60,10/28/2018,A36324
Q4-2018,60,10/28/2018,A36325
Q2-2017,200,4/27/2017,A36324
Q2-2017,200,4/27/2017,A36325
Q1-2016,50,2/15/2016,A36324
Q1-2016,50,2/15/2016,A36325
Q2-2016,100,5/15/2016,A36324
Q2-2016,100,5/15/2016,A36325
Q3-2016,45.35,7/15/2016,A36324
Q3-2016,45.35,7/15/2016,A36325
Q2-2017,154.61,6/4/2017,A36324
Q2-2017,154.61,6/4/2017,A36325
Q4-2017,60,11/18/2017,A36324
Q4-2017,60,11/18/2017,A36325
